{
    "event_id": "bye_bye_boner",
    "event_title": "Bye Bye, Boner",
    "url": "https://www.lessonsinlove.wiki/index.php?title=Bye_Bye,_Boner",
    "event_type": "Event",
    "primary_character": "Kirin Kanda",
    "chapter": "Chapter 2",
    "interactivity": {
        "requirements": "Not Wednesday 15 Kirin Affection You must have seen or permanently missed the following Events: Seen \" Enigmatology \" from Kirin Kanda",
        "to_get_this_event": "Visit Kirin at the School Dorms after all Requirements have been fulfilled.",
        "to_miss_this_event": "This event is not missable.",
        "choices": [],
        "effects": [
            "+1 Kirin Affection"
        ]
    },
    "progression": {
        "locations": [
            "School Dorms - Room 10"
        ],
        "synopsis": "Kirin and Noriko are about to watch a \"super-weird\" movie featuring an upside-down house, and they invite Sensei to join them. Noriko vetoes anything that might make a mess under her nice new kotatsu, and is jealous of Kirin sitting next to Sensei. As they try to interpret the strange movie, Kirin gets bored and starts to play with Sensei under the table. Noriko figures it out and puts a stop to it.",
        "participating_characters": [
            "Sensei",
            "Kirin Kanda",
            "Noriko Nakayama"
        ],
        "trivia": [
            "On Kirin's whiteboard is a message in hexadecimal. When decoded, it's revealed to be a excerpt from William Blake's \"Proverbs of Hell\". The decoded message can be found below: \"74 68 65 68 6f 75 72 73 6f 66 66 6f 6c 6c 79 61 72 65 6d 65 61 73 75 72 65 64 62 79 74 68 65 63 6c 6f 63 6b\" - The hours of folly are measured by the clock",
            "\"74 68 65 68 6f 75 72 73 6f 66 66 6f 6c 6c 79 61 72 65 6d 65 61 73 75 72 65 64 62 79 74 68 65 63 6c 6f 63 6b\" - The hours of folly are measured by the clock"
        ]
    },
    "technical_information": {
        "event_references": {
            "event_default_name": "Bye Bye, Boner",
            "event_script_names": "kirindorm15",
            "event_missed_name": "This event is not missable."
        },
        "backgrounds": [
            "kirinkotatsu"
        ],
        "music_tracks": [
            "sleepystreets2.mp3"
        ],
        "changelog": [
            "This Event was added in Update 0.14."
        ]
    },
    "navigation": {
        "previous_event": "Enigmatology",
        "next_event": "Terms & Conditions"
    }
}