{
    "event_id": "morals_vs_orgasms",
    "event_title": "Morals vs. Orgasms",
    "url": "https://www.lessonsinlove.wiki/index.php?title=Morals_vs._Orgasms",
    "event_type": "Event",
    "primary_character": "Kirin Kanda",
    "chapter": "Chapter 2",
    "interactivity": {
        "requirements": "You must have seen or permanently missed the following Events: Seen Main Events up to \" What Was \"",
        "to_get_this_event": "Talk to Kirin in the dorm hallway",
        "to_miss_this_event": "This event is not missable.",
        "choices": [],
        "effects": [
            "+1 Kirin Affection"
        ]
    },
    "progression": {
        "locations": [
            "School Dorms - Second Floor"
        ],
        "synopsis": "Kirin is loitering outside her dorm room to avoid Noriko 's music. She doesn't appreciate it when Sensei starts \"profiling\" her by talking about her relationship with her sister . She apologies for \"being so on edge\", but still wants to change the subject. Kirin talks about her feelings about being around other people, and Sensei's \"strategy\" for getting people to have sex with him.",
        "participating_characters": [
            "Sensei",
            "Kirin Kanda"
        ],
        "trivia": [
            "There is some variation based on Sensei's relationship with Ami and prior use of the headpat system with Kirin."
        ]
    },
    "technical_information": {
        "event_references": {
            "event_default_name": "Morals vs. Orgasms",
            "event_script_names": "kirinfirsthall",
            "event_missed_name": "This event is not missable."
        },
        "backgrounds": [
            "kirinhall"
        ],
        "music_tracks": [
            ""
        ],
        "changelog": [
            "This Event was added in Update 0.14."
        ]
    },
    "navigation": {
        "previous_event": "No Extortion Necessary",
        "next_event": "Love, Dorms, and Other Things"
    }
}