{
    "event_id": "too_much_all_at_once",
    "event_title": "Too Much, All at Once",
    "url": "https://www.lessonsinlove.wiki/index.php?title=Too_Much,_All_at_Once",
    "event_type": "Invite Event",
    "primary_character": "Kirin Kanda",
    "chapter": "Chapter 2",
    "interactivity": {
        "requirements": "You must have seen or permanently missed the following Events: Seen Main Events up to \" Fireworks etc... \"",
        "to_get_this_event": "Invite Kirin Over",
        "to_miss_this_event": "This event is not missable.",
        "choices": [],
        "effects": [
            "+3 Kirin Affection"
        ]
    },
    "progression": {
        "locations": [
            "Sensei House"
        ],
        "synopsis": "Sensei invites Kirin to his house while Ami is out. Kirin is nervous about going through with her side of the deal she made, saying that she is \"clearly less prepared\" than she thought. Sensei doesn't want to do anything if she makes it sound like she's being extorted. Ami returns unexpectedly, and Kirin makes a stealthy exit.",
        "participating_characters": [
            "Sensei",
            "Kirin Kanda",
            "Ami Arakawa"
        ],
        "trivia": [
            "If Sensei turned down Kirin's offer during the beach vacation, she mentions it here."
        ]
    },
    "technical_information": {
        "event_references": {
            "event_default_name": "Too Much, All at Once",
            "event_script_names": "kirininvite1",
            "event_missed_name": "This event is not missable."
        },
        "backgrounds": [
            "kirinfirstinvite"
        ],
        "music_tracks": [
            "normalday.mp3"
        ],
        "changelog": [
            "This Event was added in Update 0.13p1."
        ]
    },
    "navigation": {
        "previous_event": "Full Blossom",
        "next_event": "No Extortion Necessary"
    }
}