{
    "event_id": "a_different_view",
    "event_title": "A Different View",
    "url": "https://www.lessonsinlove.wiki/index.php?title=A_Different_View",
    "event_type": "Main Event",
    "primary_character": null,
    "chapter": "v0.6.4",
    "interactivity": {
        "requirements": "You must be on at least Day  121  to unlock this Event. You must have seen or permanently missed the following Events: Seen Main Events up to \" Reset \"",
        "to_get_this_event": "Upon fulfilling all Requirements, this Event automatically occurs on the first weekday on or after Day 121.",
        "to_miss_this_event": "This event is not missable.",
        "choices": [],
        "effects": [
            "+1 Makoto Affection"
        ]
    },
    "progression": {
        "locations": [
            "Kumon-Mi High - School Rooftop"
        ],
        "synopsis": "Makoto is on the school roof, looking at the view. After trying and failing to extort lunch from her, Sensei talks with her about how each of them came to be on the roof. When Makoto says that he could possibly have a hidden urge to jump off the building, and starts talking about suicide statistics, Sensei asks if she is okay — she says that she is, and didn't think there was anything odd about what she said. She does thank him for caring enough to ask, however.",
        "participating_characters": [
            "Sensei",
            "Makoto Miyamura"
        ],
        "trivia": []
    },
    "technical_information": {
        "event_references": {
            "event_default_name": "A Different View",
            "event_script_names": "day121",
            "event_missed_name": "This event is not missable."
        },
        "backgrounds": [
            "makotoroof"
        ],
        "music_tracks": [
            "sweetvermouth.mp3"
        ],
        "changelog": [
            "This Event was added in Update 0.6."
        ]
    },
    "navigation": {
        "previous_event": "Girl Talk Pt. II",
        "next_event": "On The Bright Side"
    }
}