{
    "event_id": "a_frame_on_a_shelf_in_a_house",
    "event_title": "A Frame on a Shelf in a House",
    "url": "https://www.lessonsinlove.wiki/index.php?title=A_Frame_on_a_Shelf_in_a_House",
    "event_type": "Main Event",
    "primary_character": null,
    "chapter": "v0.27.3",
    "interactivity": {
        "requirements": "None",
        "to_get_this_event": "Autoplays after \" Dorm War II: Pre-Show Game \" . This event belongs to an event chain started from \" A Walk Through Hell \" .",
        "to_miss_this_event": "This event is not missable.",
        "choices": [],
        "effects": []
    },
    "progression": {
        "locations": [
            "Chosokabe Flat"
        ],
        "synopsis": "Chika returns home from school, bringing Chinami and Tsukasa various candies for Halloween. As they sort through the candy, Yumi walks in, announcing her return from her father's. The girls celebrate, but not before Chika and Yumi discuss the Dorm Wars. Yumi agrees to take part, given the contest isn’t anything she's uncomfortable with. Back with Sensei, he falls asleep, thinking about the exhaustion that the next few days will bring.",
        "participating_characters": [
            "Chika Chosokabe",
            "Chinami Chosokabe",
            "Tsukasa Tsukioka",
            "Yumi Yamaguchi",
            "Sensei"
        ],
        "trivia": []
    },
    "technical_information": {
        "event_references": {
            "event_default_name": "A Frame on a Shelf in a House",
            "event_script_names": "dormwartwo3",
            "event_missed_name": "This event is not missable."
        },
        "backgrounds": [
            "halloweenatchikas"
        ],
        "music_tracks": [
            "summerwind.mp3"
        ],
        "changelog": [
            "This Event was added in Update .27.0."
        ]
    },
    "navigation": {
        "previous_event": "Dorm War II: Pre-Show Game",
        "next_event": "Gamer Girl Grindfest",
        "prev_event": null
    }
}