{
    "event_id": "a_ghost_s_guide_on_haunting",
    "event_title": "A Ghost's Guide on Haunting",
    "url": "https://www.lessonsinlove.wiki/index.php?title=A_Ghost%27s_Guide_on_Haunting",
    "event_type": "Main Event",
    "primary_character": null,
    "chapter": "v0.49(Super Mega Ultimate Heaven & Hell).11",
    "interactivity": {
        "requirements": "None",
        "to_get_this_event": "Autoplays after \" Silhouettes of Scorned Princesses \" . This event belongs to an event chain started from \" Prepare for Battle! \" .",
        "to_miss_this_event": "This event is not missable.",
        "choices": [],
        "effects": []
    },
    "progression": {
        "locations": [
            "Koi Cafe",
            "City Streets",
            "Tsukioka Hotel"
        ],
        "synopsis": "Ami , Maya and Ayane commented on Touka 's comedic show which they've just witnessed. With that, Ami and Maya decided to leave for a private place, leaving Ayane along with her thoughts. In the other part of Koi Cafe, Sana approached Sara on a personal and specific matter. With unexpected and suddenly kind words, Sana addressed her mother and asked her a favour. Meanwhile, Nodoka was still sleeping on Sensei 's shoulder, when Uta came up to him to ask something about the upcoming date with Io . But she was interrupted by Rin , who showed up with the same purpose. Uta asked Rin to be easy with Io, who has troubles with the dates, on which she kindly agreed. In the distance, at the same time, Yumi was walking through the streets, trying to get used to her new inner self . Suddenly, she noticed Io, standing nearby. She chose unfriendly green-haired girl over the nasty deity inside her, so they talked a little. During their chit-chat, Io mentioned Yuki , and how she, most probably, saved her life . Io was worried with Yuki's health, so Yumi had no choice but to tell her the truth. After a while, when the class arrived at the hotel, Noriko questioned Touka's behaviour, calling out on being too harsh with Ami. It triggered Kirin , whom Noriko was not defending. Noriko was supported by Molly , and Tsuneyo partially agreed with both sides. Touka clarified the reasons behind her actions and pointed out on the difference between her and Ami. In the meantime, Sensei was stalking the halls of the hotel on the way to his room. Of course, he was not getting his rest so easily, as the spirit of his lover showed up, dressed up as Nodoka. As they were discussing the Dorm Wars, the girls from the class, and what had happened to Tsuneyo, Akira grew more and more irritated. Finally, he dismissed the spirit away...",
        "participating_characters": [
            "Ayane Amamiya",
            "Maya Makinami",
            "Ami Arakawa",
            "Sara Sakakibara",
            "Sana Sakakibara",
            "Sensei",
            "Uta Ushibori",
            "Yumi Yamaguchi",
            "Io Ichimonji",
            "Noriko Nakayama",
            "Kirin Kanda",
            "Tsuneyo Tojo",
            "Molly MacCormack",
            "Sekai Arakawa",
            "Pareidolia"
        ],
        "trivia": [
            "The content of the event depends on your relationship with Sara ."
        ]
    },
    "technical_information": {
        "event_references": {
            "event_default_name": "A Ghost's Guide on Haunting",
            "event_script_names": "dormwarsfive10",
            "event_missed_name": "This event is not missable."
        },
        "backgrounds": [
            "postcomedytwo",
            "black"
        ],
        "music_tracks": [
            "No music."
        ],
        "changelog": [
            "This Event was added in Update 0.48.0."
        ]
    },
    "navigation": {
        "previous_event": "Silhouettes of Scorned Princesses",
        "next_event": "Strippers? No! Swimsuits! (Pool-Toucher)"
    }
}