{
    "event_id": "a_life_of_prizes",
    "event_title": "A Life of Prizes",
    "url": "https://www.lessonsinlove.wiki/index.php?title=A_Life_of_Prizes",
    "event_type": "Main Event",
    "primary_character": null,
    "chapter": "v0.23.7",
    "interactivity": {
        "requirements": "None",
        "to_get_this_event": "Autoplays after \" The Light of Last Summer \" . This event belongs to an event chain started from \" Wither \" .",
        "to_miss_this_event": "This event is not missable.",
        "choices": [],
        "effects": []
    },
    "progression": {
        "locations": [
            "Sensei's House - Sensei's Room"
        ],
        "synopsis": "Sensei paces around his room, going back and forth between various objects, as he attempts to solve a series of sweepsteaks to escape his room.",
        "participating_characters": [
            "Sensei",
            "Tsuneyo Tojo"
        ],
        "trivia": []
    },
    "technical_information": {
        "event_references": {
            "event_default_name": "A Life of Prizes",
            "event_script_names": "returntosummer2",
            "event_missed_name": "This event is not missable."
        },
        "backgrounds": [
            "resetfour"
        ],
        "music_tracks": [
            "11c.mp3",
            "amiamiamiami.mp3",
            "daybreak.mp3"
        ],
        "changelog": [
            "This Event was added in Update .23p2."
        ]
    },
    "navigation": {
        "previous_event": "The Light of Last Summer",
        "next_event": "Utinam Ne Illum Numquam Conspexissem"
    }
}