{
    "event_id": "a_proper_introduction",
    "event_title": "A Proper Introduction",
    "url": "https://www.lessonsinlove.wiki/index.php?title=A_Proper_Introduction",
    "event_type": "Main Event",
    "primary_character": null,
    "chapter": "v0.7.5",
    "interactivity": {
        "requirements": "You must be on at least Day  150  to unlock this Event. You must have seen or permanently missed the following Events: Seen Main Events up to \" Tsuneyo Tojo, Stand-up Comedian \" Seen \" Apples to Apples \" from Yumi Yamaguchi Seen \" Nothing Was Missing, Except Me \" from Rin Rokuhara Seen \" Nightvision \" from Miku Maruyama",
        "to_get_this_event": "Upon fulfilling all Requirements, this Event automatically occurs on the first day on or after Day 150.",
        "to_miss_this_event": "This event is not missable.",
        "choices": [],
        "effects": [
            "+1 Molly , Tsuneyo Affection"
        ]
    },
    "progression": {
        "locations": [
            "Kumon-Mi High - Hallway",
            "Kumon-Mi High - Classroom"
        ],
        "synopsis": "Today is the day that Sensei receives his second transfer student. As he is about to walk into class, Yumi apologizes for \"freaking out\" on him at the ramen store . Yumi isn't in class often enough to have met Molly yet, and baffled by her when she does. Shortly after, Sensei meets his new yet familiar transfer student. She asks for help in making a good impression on the class, and he tells her to just be herself.",
        "participating_characters": [
            "Sensei",
            "Yumi Yamaguchi",
            "Molly MacCormack",
            "Tsuneyo Tojo",
            "Sana Sakakibara",
            "Rin Rokuhara",
            "Chika Chosokabe"
        ],
        "trivia": []
    },
    "technical_information": {
        "event_references": {
            "event_default_name": "A Proper Introduction",
            "event_script_names": "day150",
            "event_missed_name": "This event is not missable."
        },
        "backgrounds": [
            "tsuneyoclass"
        ],
        "music_tracks": [
            "sweetvermouth.mp3"
        ],
        "changelog": [
            "This Event was added in Update 0.7."
        ]
    },
    "navigation": {
        "previous_event": "Tsuneyo Tojo, Stand-up Comedian",
        "next_event": "Supreme Overlord"
    }
}