{
    "event_id": "action_inaction",
    "event_title": "Action/Inaction",
    "url": "https://www.lessonsinlove.wiki/index.php?title=Action/Inaction",
    "event_type": "Main Event",
    "primary_character": null,
    "chapter": "v0.44-0.4",
    "interactivity": {
        "requirements": "None",
        "to_get_this_event": "Autoplays after \" Six Ways From Sunday \" . This event belongs to an event chain started from \" Rubik's Cube \" .",
        "to_miss_this_event": "This event is not missable.",
        "choices": [],
        "effects": []
    },
    "progression": {
        "locations": [
            "Amamiya Estate - Dojo",
            "Amamiya Estate - Garden Area"
        ],
        "synopsis": "Chika asks Yumi if they can go somewhere to talk, though Yumi is a bit hesitant, considering their last talk where Chika threatened to throw her off the balcony. Hearing this, Makoto would like some context for this, but Yumi brushes her off and follows Chika outside. Once outside, Yumi already accepts whatever punishment Chika has in mind for her, but since Chika's sanity has been damaged , she apologizes for her behavior during that day. Yumi wonders what Sensei did to change her from someone who was rightfully angry at her for making a serious mistake to someone who acts like what happened was perfectly fine, and Chika tells her she just came to understand how nuanced love can be and how her definition of it was closed-minded and false. This convinces Yumi that he never showed up and she went insane because of it,  but Chika claims she's still too inexperienced to understand it and also gives her permission to get closer with Sensei, claiming she doesn't mind if anyone else does now that she knows she's won against everyone. Yumi points out how what she says is in complete contrast to her former believes, but when Chika ignores it and instead offers to educate her, she runs away. Meanwhile, somewhere in the estate, Miku and Noriko are looking for decorations, and Miku decides to ask Noriko if she ever hurt herself in an embarrassing way , but when Noriko asks if it happened to her, she deflects it. While finding her weird, Noriko is glad to learn more about her. Suddenly, she finds a box with Ami 's name on it, and both decide to take a look inside, only to find pictures of the girls in situations that seemingly never occurred. Back in the dojo, Futaba , Rin , Molly , and Tsuneyo have a conversation about the costume Molly made for Tsuneyo. After a while, Futaba wonders why Molly decided to wear Futaba Sakura's casual outfit instead of her combat suit, and while she initially claims it's boring, she confesses how she doesn't like to wear form-fitting outfits since they don't look good on her. Futaba doesn't mind her wanting to feel comfortable in her costume, but suggest to make Tsuneyo's next costume less eye-catching, pointing out Rin's excitement as a reason, but Tsuneyo won't be with them for long since she got invited to learn advanced cooking techniques from Geoffrey. Tsuneyo mentions an interesting detail about her costume, which causes a commotion that catches Makoto's attention, with the girls making their retreat to avoid her.",
        "participating_characters": [
            "Chika Chosokabe",
            "Yumi Yamaguchi",
            "Makoto Miyamura",
            "Miku Maruyama",
            "Noriko Nakayama",
            "Rin Rokuhara",
            "Futaba Fukuyama",
            "Tsuneyo Tojo",
            "Molly MacCormack"
        ],
        "trivia": []
    },
    "technical_information": {
        "event_references": {
            "event_default_name": "Action/Inaction",
            "event_script_names": "halloweenfive3",
            "event_missed_name": "This event is not missable."
        },
        "backgrounds": [
            "chikayumihallow"
        ],
        "music_tracks": [
            "starvingtodeathoutofreachofthesun.mp3"
        ],
        "changelog": [
            "This Event was added in Update 0.44."
        ]
    },
    "navigation": {
        "previous_event": "More Than Her",
        "next_event": "Empty Heart Appeal",
        "prev_event": null
    }
}