{
    "event_id": "and_then_there_were_two",
    "event_title": "And Then There Were Two",
    "url": "https://www.lessonsinlove.wiki/index.php?title=And_Then_There_Were_Two",
    "event_type": "Main Event",
    "primary_character": null,
    "chapter": "v0.49(Super Mega Ultimate Heaven & Hell).16",
    "interactivity": {
        "requirements": "None",
        "to_get_this_event": "Autoplays after \" Goth Girl Glamour Gala! \" . This event belongs to an event chain started from \" Prepare for Battle! \" .",
        "to_miss_this_event": "This event is not missable.",
        "choices": [],
        "effects": []
    },
    "progression": {
        "locations": [
            ""
        ],
        "synopsis": "WIP",
        "participating_characters": [
            "Nodoka Nagasawa",
            "Ayane Amamiya",
            "Sensei"
        ],
        "trivia": [
            "WIP"
        ]
    },
    "technical_information": {
        "event_references": {
            "event_default_name": "And Then There Were Two",
            "event_script_names": "dormwarsfive13",
            "event_missed_name": "This event is not missable."
        },
        "backgrounds": [
            "prenodokathontwo",
            "black",
            "ayanesexletter"
        ],
        "music_tracks": [
            "citylife.mp3"
        ],
        "changelog": [
            "This Event was added in Update 0.48.0."
        ]
    },
    "navigation": {
        "previous_event": "Goth Girl Glamour Gala!",
        "next_event": "John 13 (From God to God)"
    }
}