{
    "event_id": "aunt_niki_a_hundred_christmases_",
    "event_title": "Aunt Niki (A Hundred Christmases)",
    "url": "https://www.lessonsinlove.wiki/index.php?title=Aunt_Niki_(A_Hundred_Christmases)",
    "event_type": "Main Event",
    "primary_character": null,
    "chapter": "v0.46Christmas 5.1",
    "interactivity": {
        "requirements": "Friday You must have seen or permanently missed the following Events: Seen Main Events up to \" What We'll See When We Get There \"",
        "to_get_this_event": "This event plays automatically in the morning.",
        "to_miss_this_event": "This event is not missable.",
        "choices": [],
        "effects": [
            "+1 Ami Affection",
            "+1 Imani Affection",
            "+1 Niki Affection"
        ]
    },
    "progression": {
        "locations": [
            "Sensei's House - Sensei's Bedroom",
            "Sensei's House"
        ],
        "synopsis": "Sensei enjoys his time with Niki in private, to rest from the twists of alternate timelines and challenges they bring . But even Niki's gorgeous nature can't distract Sensei from sensing something strange in this world, something's wrong. As was expected, the certain someone knocks the bedroom's door and interrupts the two. Turns out, the Christmas Eve Party was planned in the house, and Ayane with Maya are supposed to come over soon. Ami calmly explains the situation and her plans on the holiday. But then, Sensei and Niki fail to pull Ami out the door. She mentions Imani 's presence as well, and Akira decides to find out what she needed. However, before he leaves, Niki expresses her suspicions on him spending Christmas Eve with another woman. Imani clarifies that she was waiting for a while, just to ask Sensei something. As she battles her shyness, the words slowly come out, and finally, Imani invites Akira on a date. They appoint the meeting, and Ami, who have overheard their conversation, wishes Imani good day in her usual manner.",
        "participating_characters": [
            "Niki Nakayama",
            "Sensei",
            "Ami Arakawa",
            "Imani Imai"
        ],
        "trivia": []
    },
    "technical_information": {
        "event_references": {
            "event_default_name": "Aunt Niki (A Hundred Christmases)",
            "event_script_names": "christmasfive1",
            "event_missed_name": "This event is not missable."
        },
        "backgrounds": [
            "nikixmasride",
            "tree"
        ],
        "music_tracks": [
            "justlights.mp3"
        ],
        "changelog": [
            "This Event was added in Update 0.46."
        ]
    },
    "navigation": {
        "previous_event": "What We'll See When We Get There",
        "next_event": "Caught in the Crossfire"
    }
}