{
    "event_id": "backwards_dancing",
    "event_title": "Backwards Dancing",
    "url": "https://www.lessonsinlove.wiki/index.php?title=Backwards_Dancing",
    "event_type": "Main Event",
    "primary_character": null,
    "chapter": "v0.18.5",
    "interactivity": {
        "requirements": "None",
        "to_get_this_event": "Autoplays after \" Word of the Day \" . This event belongs to an event chain started from \" The Price of Experience \" .",
        "to_miss_this_event": "This event is not missable.",
        "choices": [],
        "effects": []
    },
    "progression": {
        "locations": [
            "Old District",
            "Kumon-Mi High"
        ],
        "synopsis": "Having grown , Sensei begins to make his way to school, baffled by his surreal surroundings. As he continues along the path, his legs interject, disagreeing with this decision. The left leg tells him they're going where they want to, for once. He tries to fight them, but the left leg refuses to budge, justifying their defiance by informing him Maya's yet to arrive at school. Helpless to the whims of his feet, he's dragged along to the Old District. Upon arriving, he begins to bicker with his left leg, causing it to detach itself from his body in anger. This doesn't last long, with the left leg reattaching itself soon after, begging to leave after \"seeing something\". Finally at school, he wanders the halls, finding the path to the roof blocked by a stack of boxes he can't move. He leers at them, hoping they'll disappear on their own. As he's staring, the Angels appear in front of him. They tell him to find another way to the roof as they're currently renovating the section past the boxes. He tries to think of another stairwell to the roof but doesn't know of any. All three of them dance at Sensei's ignorance before the Angels direct him to turn right. Turning, he finds himself faced with the stairs to the roof, which he thanks the Angels for helping him find. As he thinks to himself, a talking bug net interrupts his train of thought. Declaring itself to be the “guardian of the school roof”, it tells him to turn around unless he has a good reason. Explaining he's there for the reset, the net ponders why he'd want Maya to initiate it since Kumon-mi is much more peaceful without people. This thought spirals into the net's personal theories on the strange phenomena in town before it bluntly grants Sensei passage, much to his relief.",
        "participating_characters": [
            "Sensei",
            "Angels"
        ],
        "trivia": [
            "Right Leg speaks in hexadecimal. Below is a translation of what he says: \"70 75 74 20 6d 65 20 6f 75 74 20 6f 66 20 6d 79 20 6d 69 73 65 72 79\" - put me out of my misery",
            "\"70 75 74 20 6d 65 20 6f 75 74 20 6f 66 20 6d 79 20 6d 69 73 65 72 79\" - put me out of my misery"
        ]
    },
    "technical_information": {
        "event_references": {
            "event_default_name": "Backwards Dancing",
            "event_script_names": "thirdreset2",
            "event_missed_name": "This event is not missable."
        },
        "backgrounds": [
            "journeytothatoneplace"
        ],
        "music_tracks": [
            "backwardsdancing.mp3"
        ],
        "changelog": [
            "This Event was added in Update .18p2."
        ]
    },
    "navigation": {
        "previous_event": "Word of the Day",
        "next_event": "Sayonara",
        "prev_event": null
    }
}