{
    "event_id": "beach_babe_breakfast_barrage_",
    "event_title": "Beach(?) Babe Breakfast Barrage!",
    "url": "https://www.lessonsinlove.wiki/index.php?title=Beach(%3F)_Babe_Breakfast_Barrage!",
    "event_type": "Main Event",
    "primary_character": null,
    "chapter": "v0.49(Super Mega Ultimate Heaven & Hell).4",
    "interactivity": {
        "requirements": "None",
        "to_get_this_event": "Autoplays after \" The Devil's Bed \" . This event belongs to an event chain started from \" Prepare for Battle! \" .",
        "to_miss_this_event": "This event is not missable.",
        "choices": [],
        "effects": []
    },
    "progression": {
        "locations": [
            "Kumon-Mi High - Pool"
        ],
        "synopsis": "Ayane , Uta and Imani announced the first battle of the Dorm Wars: the cooking challenge between Yumi and Noriko ! The contestants had to prepare an omelette and could use the help of culinary consultants from each team. While Noriko had Tsuneyo by her side, Yumi was in trouble. Not only she had no idea how to cook, she had no one to help her, as she hadn't checked the email, which contained the rules of the competition. To everybody's surprise, Noriko stopped preparing the food and chose to help her friend instead! The second team was disappointed, but Noriko still chose Yumi above everything else. With that, Tsuneyo prepared the omelette instead of Noriko, which violated the rules and led to Second Floor's defeat. The mysterious judge couldn't change the results of the battle, so The First Floor have won this time. First Floor 1:0 Second Floor.",
        "participating_characters": [
            "Uta Ushibori",
            "Tsuneyo Tojo",
            "Yumi Yamaguchi",
            "Nao-chan",
            "Ayane Amamiya",
            "Noriko Nakayama",
            "Imani Imai"
        ],
        "trivia": []
    },
    "technical_information": {
        "event_references": {
            "event_default_name": "Beach(?) Babe Breakfast Barrage!",
            "event_script_names": "dormwarsfive3",
            "event_missed_name": "This event is not missable."
        },
        "backgrounds": [
            "sky",
            "poolcook",
            "black"
        ],
        "music_tracks": [
            "notabluearchivesong.mp3"
        ],
        "changelog": [
            "This Event was added in Update 0.48.0."
        ]
    },
    "navigation": {
        "previous_event": "Poetry at Best",
        "next_event": "Dungeons & Divas! Normies Gone Nerdy!"
    }
}