{
    "event_id": "changing_of_seasons",
    "event_title": "Changing of Seasons",
    "url": "https://www.lessonsinlove.wiki/index.php?title=Changing_of_Seasons",
    "event_type": "Main Event",
    "primary_character": null,
    "chapter": "v0.11.3",
    "interactivity": {
        "requirements": "None",
        "to_get_this_event": "Autoplays after \" XI \" , or \" A Time When Things Were Horrible \" . This event belongs to an event chain started from \" There is Nothing \" .",
        "to_miss_this_event": "This event is not missable.",
        "choices": [],
        "effects": []
    },
    "progression": {
        "locations": [
            "Park",
            "Kumon-Mi High",
            "Kumon-Mi High - Rooftop"
        ],
        "synopsis": "Sensei is walking through the city at night, vaguely remembering that there is something he is meant to be doing. He tells Ami to return, and she does. When Ami mentions Maya , Sensei remembers his meeting and goes to school, although he takes a while to find her. She is going to reset the world again, which can be done by praying — Sensei decides to leave it to her. Before she proceeds, she lets him ask a few more questions — he asks about the \"god made of wires\" from his dream, about whether anyone else knows about resetting the world, and about whether she is okay. She points out that resets can sometimes go wrong, but says that she expects this one to go smoothly — hence being dressed for winter already. Maya then resets the world.",
        "participating_characters": [
            "Sensei",
            "Happy Ami",
            "Maya Makinami"
        ],
        "trivia": [
            "This event is the last of Chapter One.",
            "The subtitle card of Chapter Two, The Winter of Our Discontent, references John Steinbeck's final novel of the same name."
        ]
    },
    "technical_information": {
        "event_references": {
            "event_default_name": "Changing of Seasons",
            "event_script_names": "hoorayanotherreset",
            "event_missed_name": "This event is not missable."
        },
        "backgrounds": [
            "secondreset"
        ],
        "music_tracks": [
            "iloveyou.mp3",
            "ifgodwerecalm.mp3"
        ],
        "changelog": [
            "This Event was added in Update 0.11."
        ]
    },
    "navigation": {
        "previous_event": "There is Nothing",
        "next_event": "Snow-Covered Footprints",
        "prev_event": null
    }
}