{
    "event_id": "christmas_miracle",
    "event_title": "Christmas Miracle",
    "url": "https://www.lessonsinlove.wiki/index.php?title=Christmas_Miracle",
    "event_type": "Main Event",
    "primary_character": null,
    "chapter": "v0.11.10",
    "interactivity": {
        "requirements": "None",
        "to_get_this_event": "Autoplays after \" Bottled Dreams \" . This event belongs to an event chain started from \" There is Nothing \" .",
        "to_miss_this_event": "This event is not missable.",
        "choices": [],
        "effects": []
    },
    "progression": {
        "locations": [
            "Tsukioka Hotel"
        ],
        "synopsis": "The girls are handing out Christmas presents, and Sensei still doesn't know who he drew for Secret Santa. It turns out to be Maya , despite her earlier denial — the scarf he gave her can be counted as her present. They are interrupted by Yumi , who had to get Sensei a present — Chika and Chinami insisted and supervised. Sensei wonders if getting a present from Yumi counts as a Christmas miracle.",
        "participating_characters": [
            "Sensei",
            "Sana Sakakibara",
            "Maya Makinami",
            "Yumi Yamaguchi",
            "Chika Chosokabe"
        ],
        "trivia": []
    },
    "technical_information": {
        "event_references": {
            "event_default_name": "Christmas Miracle",
            "event_script_names": "christmas6",
            "event_missed_name": "This event is not missable."
        },
        "backgrounds": [
            "secretsanta"
        ],
        "music_tracks": [
            "christmasyay.mp3"
        ],
        "changelog": [
            "This Event was added in Update 0.11."
        ]
    },
    "navigation": {
        "previous_event": "Bottled Dreams",
        "next_event": "Fireworks, Chicken, and the Innate Fear of Death",
        "prev_event": null
    }
}