{
    "event_id": "cicadian_rhythm_the_gardener_",
    "event_title": "Cicadian Rhythm (The Gardener)",
    "url": "https://www.lessonsinlove.wiki/index.php?title=Cicadian_Rhythm_(The_Gardener)",
    "event_type": "Main Event",
    "primary_character": null,
    "chapter": "v0.33.17",
    "interactivity": {
        "requirements": "None",
        "to_get_this_event": "Autoplays after \" Mother May I \" . This event belongs to an event chain started from \" Boner on the Bus \" .",
        "to_miss_this_event": "This event is not missable.",
        "choices": [],
        "effects": []
    },
    "progression": {
        "locations": [
            "Beach"
        ],
        "synopsis": "A narrator speaks, but to whom is unclear. They comment how something's in the air tonight, but find it difficult to parse. Instead, they admit they did something bad and how they started to take some liberties with the rules they were given. They insist this is for the betterment of the world, but admit \"better\" and \"worse\" are subjective terms that aren't mutually exclusive. Their resolve is strong nonetheless, but it's inevitable something \"bigger\" will swallow them whole. They find this fitting, as they still don't exist, being the light of the moon and the shadow that follows, always following someone. Appearing from the brush of trees is Ayane , who's finally managed to return from her contest , sporting a new daisy pin in her hair. She confidently declares her feelings aloud, drawing the immediate attention of Maya , Ami , and Sensei , who all rush to her side. Maya tries to pry out details about her prolonged absence and her improved mood, but Ayane answers ambiguously, insisting she was taking a vacation. Then with Ami, Ayane asks if the two of them can speak for a bit later tonight, throwing a bit of venom towards Ami for being the one who led her so deep into the forest, ignoring her claim that she left her where she was supposed to. Finally, Maya asks Sensei for his opinion on Ayanes’s return, who calmly admits he was slightly worried but had faith she'd return. The remaining girls sit around the campfire, ready to begin the Dorm Wars' last contest, the scary story contest. After a bit of talking, Uta hands the stage over to Futaba and Nodoka , who recite their stories. While Futaba's is fairly normal and earns unanimous praise, sans Yasu , Nodoka abandons her horror story and wants to tell them a different story instead, which comes across as a nonsensical, seemingly aimlessly rant, telling a story of a flower frozen in time, of three moons, and of love. The story is abruptly ended when Sensei demands Nodoka come to see him.",
        "participating_characters": [
            "Sensei",
            "Ayane Amamiya",
            "Maya Makinami",
            "Ami Arakawa",
            "Uta Ushibori",
            "Chika Chosokabe",
            "Futaba Fukuyama",
            "Touka Tsukioka",
            "Yasu Yasui",
            "Nodoka Nagasawa"
        ],
        "trivia": []
    },
    "technical_information": {
        "event_references": {
            "event_default_name": "Cicadian Rhythm (The Gardener)",
            "event_script_names": "",
            "event_missed_name": "This event is not missable."
        },
        "backgrounds": [
            "uhhhhhhhscenegoeshere"
        ],
        "music_tracks": [
            "goodmorning.mp3",
            "itsingsinitssleep.mp3"
        ],
        "changelog": [
            "This Event was added in Update 0.33."
        ]
    },
    "navigation": {
        "previous_event": "Mother May I",
        "next_event": "Bidder's Organs",
        "prev_event": null
    }
}