{
    "event_id": "cry_cry_cry_",
    "event_title": "Cry. Cry. Cry.",
    "url": "https://www.lessonsinlove.wiki/index.php?title=Cry._Cry._Cry.",
    "event_type": "Main Event",
    "primary_character": null,
    "chapter": "v0.8.17",
    "interactivity": {
        "requirements": "None",
        "to_get_this_event": "Autoplays after \" Prayer Position \" . This event belongs to an event chain started from \" What's Done is Done \" .",
        "to_miss_this_event": "This event is not missable.",
        "choices": [],
        "effects": []
    },
    "progression": {
        "locations": [
            "Beach"
        ],
        "synopsis": "Rin meets Chika , as they had arranged. They talk a bit about Rin's upbringing (she was a foster child), about Chika's sister, and about what they admire in each other. Eventually, Rin confesses that she is in love with Chika. Chika doesn't know what to say, and Rin tells her that it would be best if to just forgot everything so that they could go back to being friends. Rin leaves.",
        "participating_characters": [
            "Rin Rokuhara",
            "Chika Chosokabe"
        ],
        "trivia": [
            "There is variation in the dialogue depending on if Sensei saw Schadenfreude ."
        ]
    },
    "technical_information": {
        "event_references": {
            "event_default_name": "Cry. Cry. Cry.",
            "event_script_names": "beachvacation15",
            "event_missed_name": "This event is not missable."
        },
        "backgrounds": [
            "confession"
        ],
        "music_tracks": [
            "gentle.mp3",
            "goodnight.mp3"
        ],
        "changelog": [
            "This Event was added in Update 0.8."
        ]
    },
    "navigation": {
        "previous_event": "Prayer Position",
        "next_event": "See You in the Morning",
        "prev_event": null
    }
}