{
    "event_id": "cursed_birds",
    "event_title": "Cursed Birds",
    "url": "https://www.lessonsinlove.wiki/index.php?title=Cursed_Birds",
    "event_type": "Main Event",
    "primary_character": null,
    "chapter": "v0.6.1",
    "interactivity": {
        "requirements": "You must be on at least Day  110  to unlock this Event. You must have seen or permanently missed the following Events: Seen Main Events up to \" Reset \"",
        "to_get_this_event": "Upon fulfilling all Requirements, this Event automatically occurs on the first weekday on or after Day 110.",
        "to_miss_this_event": "This event is not missable.",
        "choices": [],
        "effects": []
    },
    "progression": {
        "locations": [
            "Sensei's House"
        ],
        "synopsis": "Ami , having interrupted some philosophical commentary about life and death, says that the interaction between Sensei and Maya is a little different — it's a more comfortable sort of hate. Sensei says that Maya reset the world for him, which Ami doesn't understand. Ami says that not even her best friend is going to steal her uncle away, but Maya assures her that she has nothing to fear in that respect. They realise that they are late for school. Before going into class, Sensei asks Maya if they are just going to ignore the reset, and Maya says \"yes\".",
        "participating_characters": [
            "Sensei",
            "Ami Arakawa",
            "Maya Makinami"
        ],
        "trivia": []
    },
    "technical_information": {
        "event_references": {
            "event_default_name": "Cursed Birds",
            "event_script_names": "day110",
            "event_missed_name": "This event is not missable."
        },
        "backgrounds": [
            "living"
        ],
        "music_tracks": [
            "ibelieve.mp3"
        ],
        "changelog": [
            "This Event was added in Update 0.6."
        ]
    },
    "navigation": {
        "previous_event": "Reset",
        "next_event": "Human Trafficking",
        "prev_event": null
    }
}