{
    "event_id": "die_for_what_you_believe_in",
    "event_title": "Die For What You Believe In",
    "url": "https://www.lessonsinlove.wiki/index.php?title=Die_For_What_You_Believe_In",
    "event_type": "Main Event",
    "primary_character": null,
    "chapter": "v0.8.12",
    "interactivity": {
        "requirements": "None",
        "to_get_this_event": "Autoplays after \" Where Puppies Roam Free \" . This event belongs to an event chain started from \" What's Done is Done \" .",
        "to_miss_this_event": "This event is not missable.",
        "choices": [],
        "effects": [
            "+1 Maya , Molly Affection"
        ]
    },
    "progression": {
        "locations": [
            "Beach"
        ],
        "synopsis": "After eating breakfast, Sensei runs into Maya and Molly . Molly mentions that Futaba , who wasn't at last night's D&D session , wasn't feeling well and has gone back to the dorms. Maya notes that Ami took a long time to wake Sensei up earlier. The conversation ends when Maya spots Karin about to commit a crime and rushes to prevent it.",
        "participating_characters": [
            "Sensei",
            "Molly MacCormack",
            "Maya Makinami",
            "Miku Maruyama",
            "Ami Arakawa",
            "Karin Kanda"
        ],
        "trivia": [
            "There is variation in the dialogue depending on if Sensei saw Wake Up Call ."
        ]
    },
    "technical_information": {
        "event_references": {
            "event_default_name": "Die For What You Believe In",
            "event_script_names": "beachvacation11",
            "event_missed_name": "This event is not missable."
        },
        "backgrounds": [
            "mollymaya"
        ],
        "music_tracks": [
            "justbehappy.mp3"
        ],
        "changelog": [
            "This Event was added in Update 0.8."
        ]
    },
    "navigation": {
        "previous_event": "Where Puppies Roam Free",
        "next_event": "Reverse Cowgirl"
    }
}