{
    "event_id": "disappointing_everyone",
    "event_title": "Disappointing Everyone",
    "url": "https://www.lessonsinlove.wiki/index.php?title=Disappointing_Everyone",
    "event_type": "Main Event",
    "primary_character": null,
    "chapter": "v0.11.7",
    "interactivity": {
        "requirements": "None",
        "to_get_this_event": "Autoplays after \" Fuck Christmas \" . This event belongs to an event chain started from \" There is Nothing \" .",
        "to_miss_this_event": "This event is not missable.",
        "choices": [],
        "effects": [
            "+1 Molly Affection"
        ]
    },
    "progression": {
        "locations": [
            "Tsukioka Hotel"
        ],
        "synopsis": "Kirin and Ayane have a conversation — if Kirin walked in on Ayane and Sensei during the beach vacation, she makes Ayane unhappy by talking about it; otherwise, they have a more friendly conversation about Sensei, Christmas, and feeling appreciated. Meanwhile, Sensei asks Ami and Maya who he drew for Secret Santa — both of them say that they don't know, and are unimpressed with his attempts to designate his pocket change as a gift. Looking for a real present, he meets Molly , who has an idea for what to do. She gets him to buy an empty bottle.",
        "participating_characters": [
            "Sensei",
            "Kirin Kanda",
            "Ayane Amamiya",
            "Ami Arakawa",
            "Maya Makinami",
            "Molly MacCormack"
        ],
        "trivia": [
            "There is variation in the dialogue depending on if Sensei saw Prisoner"
        ]
    },
    "technical_information": {
        "event_references": {
            "event_default_name": "Disappointing Everyone",
            "event_script_names": "christmas4",
            "event_missed_name": "This event is not missable."
        },
        "backgrounds": [
            "ayanekirinchristmas"
        ],
        "music_tracks": [
            "christmasyay.mp3"
        ],
        "changelog": [
            "This Event was added in Update 0.11."
        ]
    },
    "navigation": {
        "previous_event": "Fuck Christmas",
        "next_event": "Bottled Dreams",
        "prev_event": null
    }
}