{
    "event_id": "don_t_talk_to_monks",
    "event_title": "DON'T TALK TO MONKS",
    "url": "https://www.lessonsinlove.wiki/index.php?title=DON%27T_TALK_TO_MONKS",
    "event_type": "Main Event",
    "primary_character": null,
    "chapter": "v0.46Christmas 5.6",
    "interactivity": {
        "requirements": "None",
        "to_get_this_event": "This event plays automatically after \" The Legacy of Thaum Pt. VI: Thought Mirror \" .",
        "to_miss_this_event": "This event is not missable.",
        "choices": [],
        "effects": []
    },
    "progression": {
        "locations": [
            "Tsukioka Estate - Courtyard",
            "Tsukioka Estate - The Golden Hall"
        ],
        "synopsis": "This Christmas is going to be different: we finally get to experience more of Sensei 's rich and fascinating inner world. Today, we meet his three monk friends: Malvin , Diamond and Spork ! After a short exchange, Melvin warns Akira to tell nothing about the monks! Ayane and Sensei reach Tsukioka Estate together, while discussing what happened slightly before they've arrived. And Akira accidently exposes his new friends. Touka and Tsukasa greet them both outside, and Touka reminds Sensei about his duties of taking care of Tsukasa. While talking, it gets clear that the business meeting was kept in secret from the youngest Tsukioka. So, they discuss skiing and Christmas party together. A minute after, they enter the Golden Hall, designed exactly for today's party. Sensei keeps up the talk with his monk buddies, but gets approached by Noriko , Makoto and Miku . They chit-chat, and Noriko is interested, if Ami is going to show up at all. On which Sensei concludes, she is not visiting school parties anymore. From Noriko's perspective, Ami feels herself unwelcomed... ...Our story is suddenly set onto Chika , Rin and Sana discussing clothes and ways of getting male attention. During which, Rin and Sana make sure that Chika sees that her behaviour appears strange for everybody lately... ...And again, the narrative focuses on another part of the room. Ayane attempts to make a contact with gloomy Maya , and the accumulated problems of the latter wash Ayane over. Unfortunately, Ayane fails to provide her friend with the correct advice, and Maya rushes away.",
        "participating_characters": [
            "Sensei",
            "Ayane Amamiya",
            "Touka Tsukioka",
            "Tsukasa Tsukioka",
            "Makoto Miyamura",
            "Miku Maruyama",
            "Noriko Nakayama",
            "Chika Chosokabe",
            "Rin Rokuhara",
            "Sana Sakakibara",
            "Maya Makinami"
        ],
        "trivia": []
    },
    "technical_information": {
        "event_references": {
            "event_default_name": "DON'T TALK TO MONKS",
            "event_script_names": "christmasfive4",
            "event_missed_name": "This event is not missable."
        },
        "backgrounds": [
            "spaghettiscarf",
            "amisfunpartynight"
        ],
        "music_tracks": [
            "chopmonk.mp3",
            "stpartynight.mp3"
        ],
        "changelog": [
            "This Event was added in Update 0.46."
        ]
    },
    "navigation": {
        "previous_event": "The Legacy of Thaum Pt. VI: Thought Mirror",
        "next_event": "The One With All the Sex Toys"
    }
}