{
    "event_id": "dorm_war_ii_pre_show_game",
    "event_title": "Dorm War II: Pre-Show Game",
    "url": "https://www.lessonsinlove.wiki/index.php?title=Dorm_War_II:_Pre-Show_Game",
    "event_type": "Main Event",
    "primary_character": null,
    "chapter": "v0.27.2",
    "interactivity": {
        "requirements": "None",
        "to_get_this_event": "Autoplays after \" A Walk Through Hell \" , the event that started the chain.",
        "to_miss_this_event": "This event is not missable.",
        "choices": [],
        "effects": []
    },
    "progression": {
        "locations": [
            "Kumon-mi - Streets"
        ],
        "synopsis": "Ayane and Molly begin their Pre-Game interviews with all the contestants. Uta and Miku also take the time to showcase what characters they’ll be playing for their contest.",
        "participating_characters": [
            "Ayane Amamiya",
            "Molly MacCormack",
            "Sana Sakakibara",
            "Touka Tsukioka",
            "Makoto Miyamura",
            "Rin Rokuhara",
            "Yasu Yasui",
            "Tsuneyo Tojo",
            "Imani Imai",
            "Futaba Fukuyama",
            "Noriko Nakayama",
            "Nodoka Nagasawa",
            "Maya Makinami",
            "Io Ichimonji",
            "Kirin Kanda",
            "Ami Arakawa",
            "Otoha Okakura",
            "Chika Chosokabe",
            "Uta Ushibori",
            "Miku Maruyama"
        ],
        "trivia": []
    },
    "technical_information": {
        "event_references": {
            "event_default_name": "Dorm War II: Pre-Show Game",
            "event_script_names": "dormwartwo2",
            "event_missed_name": "This event is not missable."
        },
        "backgrounds": [
            "anewinterview"
        ],
        "music_tracks": [
            "notabluearchivesong.mp3"
        ],
        "changelog": [
            "This Event was added in Update .27.0."
        ]
    },
    "navigation": {
        "previous_event": "A Walk Through Hell",
        "next_event": "A Frame on a Shelf in a House"
    }
}