{
    "event_id": "dungeons_divas_normies_gone_nerdy_",
    "event_title": "Dungeons & Divas! Normies Gone Nerdy!",
    "url": "https://www.lessonsinlove.wiki/index.php?title=Dungeons_%26_Divas!_Normies_Gone_Nerdy!",
    "event_type": "Main Event",
    "primary_character": null,
    "chapter": "v0.49(Super Mega Ultimate Heaven & Hell).5",
    "interactivity": {
        "requirements": "None",
        "to_get_this_event": "Autoplays after \" Beach(?) Babe Breakfast Barrage! \" . This event belongs to an event chain started from \" Prepare for Battle! \" .",
        "to_miss_this_event": "This event is not missable.",
        "choices": [],
        "effects": []
    },
    "progression": {
        "locations": [
            "SDNEGEL WODAHS :DIAR",
            "Kumon-Mi High - Cafeteria"
        ],
        "synopsis": "After a short break, the Dorm Wars have resumed! This time, Kirin and Chika battled in D&D scenario. They had Noriko and Rin by their side respectively, who are familiar with the game and have tried their best to train them before the competition. Additionally, Molly served as an irreplacable Game Master. Despite Molly's efforts to create a story, both girls weren't following the roleplay at all and imagined their battle as a duel between Lord Farquaad and Shrek with Eddie Murphy. However, Chika was using Rin's cursed die, which predetermined her destiny... Ultimately, she has lost, but sincerely enjoyed the game and expressed the desire to play once more. During the battle, Makoto was comforting Miku , who was worried before her intellectual competition. Right at this time, Sensei arrived at the school at last. First Floor 1:1 Second Floor.",
        "participating_characters": [
            "Uta Ushibori",
            "Tsuneyo Tojo",
            "Rin Rokuhara",
            "Molly MacCormack",
            "Makoto Miyamura",
            "Miku Maruyama",
            "Futaba Fukuyama",
            "Ayane Amamiya",
            "Sensei",
            "Kirin Kanda",
            "Chika Chosokabe",
            "Noriko Nakayama"
        ],
        "trivia": [
            "Nitthala holds a world record for rolling five 3325 times in a row."
        ]
    },
    "technical_information": {
        "event_references": {
            "event_default_name": "Dungeons & Divas! Normies Gone Nerdy!",
            "event_script_names": "dormwarsfive4",
            "event_missed_name": "This event is not missable."
        },
        "backgrounds": [
            "dungeondiva",
            "black"
        ],
        "music_tracks": [
            "rapid.mp3",
            "breeze.mp3"
        ],
        "changelog": [
            "This Event was added in Update 0.48.0."
        ]
    },
    "navigation": {
        "previous_event": "Beach(?) Babe Breakfast Barrage!",
        "next_event": "Talentless & Talkative! Trivia Turmoil!"
    }
}