{
    "event_id": "empty_heart_appeal",
    "event_title": "Empty Heart Appeal",
    "url": "https://www.lessonsinlove.wiki/index.php?title=Empty_Heart_Appeal",
    "event_type": "Main Event",
    "primary_character": null,
    "chapter": "v0.44-0.6",
    "interactivity": {
        "requirements": "None",
        "to_get_this_event": "Autoplays after \" Soon (Another Nightmare) \" . This event belongs to an event chain started from \" Rubik's Cube \" .",
        "to_miss_this_event": "This event is not missable.",
        "choices": [],
        "effects": []
    },
    "progression": {
        "locations": [
            "Amamiya Estate - Dojo",
            "Amamiya Estate - Guest Room"
        ],
        "synopsis": "After finally arriving at the party, Ayane wonders if they should look for Ami and Maya or let them have their moment, but Sensei doesn't care for the latter and only wants the former to arrive safely. Ayane thinks he's too mean to Maya even when she isn't the one they know, and Sana wants to know if something happened to Maya. Ayane tries to explain it, but since Sana isn't aware anymore, she ends up in the usual reply loop until Sensei asks Ayane to stop. While Ayane ponders on why Sana isn't aware anymore when she remembers her being so at the beach , Sensei wonders if he can enjoy Halloween again, though when he's approached by Uta and Io , he realizes he can't. While Uta's happy he's back, he tells her he won't be coming to school any time soon, which worries her due to Ami attending school again, though she still doesn't tell him why. Ayane and Sana decide to take a seat, leaving Sensei alone with the two girls, which worries him since he was left behind by the girls he felt safe with and is in the presence of two he doesn't due to their pasts and how they make him feel. Uta continues the conversation, but Io asks if she can have a private talk with him, and Sensei agrees to follow her to an empty room. Meanwhile, Ayane congratulates Io on being the first to be alone with Sensei during a party, a game she invented for herself so she can cope with Sensei being so popular and having less time for her, though when Sana asks if Io being the winner means anything, she doesn't think it does because Io isn't on the list and she doesn't feel like that has changed since then. Sana wants to know how Ayane can handle her jealousy so well, but she just learned to be used to it, something Sana will have to learn as well. She also advises her not to do anything rash, but Sana reveals what she did when she got jealous , which makes Ayane uncomfortable due to how detailed it is and how it goes against her cute persona. Not wanting to answer her questions about jealousy, Ayane changes the subject, and Sana tells her about a daydream she had about her brother, which concerns Ayane given the previous topic, and tells her about her trip to the other dimension . Ayane is surprised to hear she saw her brother when this rarely happens, which is why she's worried she's going insane, considering that she sees other weird stuff too. Ayane feels like they see this because of the world, but even that causes Sana to repeat herself, which drives her mad. Meanwhile, inside a familiar room , Sensei has to face the consequences of his choice :",
        "participating_characters": [
            "Sensei",
            "Ayane Amamiya",
            "Sana Sakakibara",
            "Uta Ushibori",
            "Io Ichimonji"
        ],
        "trivia": []
    },
    "technical_information": {
        "event_references": {
            "event_default_name": "Empty Heart Appeal",
            "event_script_names": "halloweenfive4",
            "event_missed_name": "This event is not missable."
        },
        "backgrounds": [
            "arrivepartyhalloweenhello",
            "rememberme"
        ],
        "music_tracks": [
            "letsfuckingo.mp3",
            "io.mp3"
        ],
        "changelog": [
            "This Event was added in Update 0.44."
        ]
    },
    "navigation": {
        "previous_event": "Action/Inaction",
        "next_event": "The Art of Tribadism"
    }
}