{
    "event_id": "episcopalis_a_hymn_for_him_and_she_and_her",
    "event_title": "Episcopalis: A Hymn for Him and She and Her",
    "url": "https://www.lessonsinlove.wiki/index.php?title=Episcopalis:_A_Hymn_for_Him_and_She_and_Her",
    "event_type": "Main Event",
    "primary_character": null,
    "chapter": "v0.44-0.23",
    "interactivity": {
        "requirements": "None",
        "to_get_this_event": "Autoplays after \" Precious Little Life \" . This event belongs to an event chain started from \" Recap \" .",
        "to_miss_this_event": "This event is not missable.",
        "choices": [],
        "effects": [
            "+10 Makoto Lust"
        ]
    },
    "progression": {
        "locations": [
            "\"Ocean of Time\"",
            "Amamiya Estate - Dojo"
        ],
        "synopsis": "Sensei is pulled into his dream-like plane of existence, after confronting new reality and failing to cope with it . He dreams of the girl with ribbon in her hair . He wonders if she can still watch him, if her feelings about him changed. He can't help but compare her with his another true love . He gazes into the water of this ocean of time, and he sees his reflection: the idiocy, the egomania, the despair,  the ignorance. In this dream, he feels both his lost loves the same. He doesn't know who is closer to his heart, what is real, what is true. He can't get out of this dream, something locks him into the illusion. Sensei decides for himself, that some God is behind it. Even if he agrees this could be another example of wishful thinking, but he accepts this. Which leads him to thoughts about replacement therapy, and develops a monologue about it. The water can fill the man's body sip by sip, but can overwhelm it and drift into the ocean: just like Sensei's love can do the both, either make him complete or make him drown. And all he has to do is drink. With that, he returns to dream about the girl with ribbon, the one he so eagerly wants to fill himself with. But the reflection of his dream asks, why he can't cherish the one he has right now that strong. Sensei drowns in tears, mentally clashing with himself about the attitude towards his \"true loves\": why he values the dead more, than alive; why he desires one over another. The soliloquy is interrupted by old friends , talking in riddles and metaphors, as always. And Sensei quickly dismisses them both, but then, It manifests. The divine entity, calling itself Halftone, God of Save Slots , emerges into the dream during its lunch-break, as it calls it. Their chit-chat unveils the valid proof of Pareidolia's tell about the connection between God's existence and the belief of worshippers. During the conversation, Halftone explains its duties as a God: it keeps the save slots of all its followers, which can be applies and to games, and to real life. Despite the necessary requirement to get Halftone's patronage, Sensei is ready to do it. Unfortunately, Halftone declines, not willing to deal with Sensei's complicated case. Suddenly, Sensei returns into the reality he has to be in, where he hasn't finished with Sekai and Makoto yet. Sekai comes back to wondering about Sensei's position. And Akira immediately recalls Halftone. What could have been?",
        "participating_characters": [
            "Makoto Miyamura",
            "Sekai Arakawa",
            "Maya Makinami",
            "Sensei",
            "Niki Nakayama",
            "Angels"
        ],
        "trivia": []
    },
    "technical_information": {
        "event_references": {
            "event_default_name": "Episcopalis: A Hymn for Him and She and Her",
            "event_script_names": "halloweenfive11",
            "event_missed_name": "This event is not missable."
        },
        "backgrounds": [
            "isthisadreamtoo",
            "hanabi"
        ],
        "music_tracks": [
            "memories.mp3"
        ],
        "changelog": [
            "This Event was added in Update 0.45."
        ]
    },
    "navigation": {
        "previous_event": "Yellow Patch (Heaven in My Hands)",
        "next_event": "Sigma Grindset"
    }
}