{
    "event_id": "erotic_game_protagonist",
    "event_title": "Erotic Game Protagonist",
    "url": "https://www.lessonsinlove.wiki/index.php?title=Erotic_Game_Protagonist",
    "event_type": "Main Event",
    "primary_character": null,
    "chapter": "v0.6.7",
    "interactivity": {
        "requirements": "Saturday or Sunday You must be on at least Day  130  to unlock this Event. You must have seen or permanently missed the following Events: Seen Main Events up to \" Everything Horrible \"",
        "to_get_this_event": "Upon fulfilling all Requirements, this Event automatically occurs on the first Saturday night on or after Day 130.",
        "to_miss_this_event": "This event is not missable.",
        "choices": [],
        "effects": []
    },
    "progression": {
        "locations": [
            "Bathhouse"
        ],
        "synopsis": "Ami , Ayane , and Maya are talking at bathhouse. Sensei is in the men's half, and can't really hear them. Ami doesn't like Ayane's talk of being in love with Sensei, and although Ayane promises to tone it down, her comments keep making Ami more and more suspicious. In the end, Ayane is willing to promise that she won't do anything with Sensei — but only if Ami admits that she likes Sensei \"that way\" too, which she refuses to do. Maya stays out of it.",
        "participating_characters": [
            "Sensei",
            "Ami Arakawa",
            "Ayane Amamiya",
            "Maya Makinami"
        ],
        "trivia": []
    },
    "technical_information": {
        "event_references": {
            "event_default_name": "Erotic Game Protagonist",
            "event_script_names": "day130",
            "event_missed_name": "This event is not missable."
        },
        "backgrounds": [
            "bathmale",
            "girlbath"
        ],
        "music_tracks": [
            "justbehappy.mp3"
        ],
        "changelog": [
            "This Event was added in Update 0.6."
        ]
    },
    "navigation": {
        "previous_event": "Everything Horrible",
        "next_event": "Rumors"
    }
}