{
    "event_id": "even_heaven",
    "event_title": "Even Heaven",
    "url": "https://www.lessonsinlove.wiki/index.php?title=Even_Heaven",
    "event_type": "Main Event",
    "primary_character": null,
    "chapter": "v0.46Christmas 5.16",
    "interactivity": {
        "requirements": "None",
        "to_get_this_event": "This event plays automatically after \" Seed of Self-Doubt \" .",
        "to_miss_this_event": "This event is not missable.",
        "choices": [],
        "effects": []
    },
    "progression": {
        "locations": [
            "Tsukioka Estate - The Golden Hall",
            "Tsukioka Estate - Arboretum"
        ],
        "synopsis": "In the Golden Hall, Touka uses a megaphone to announce the beginning of Secret Santa, which leads to comical situation. The girls (at least who was there at the time) begin exchanging presents: Noriko gives Yumi something truly memorable, and Uta receives an antique crossbow from Ayane , on which Io suggests \"to test it\". Ayane receives a revolver from Makoto , but the most majestic gift was given to Tsuneyo by Sana . Meanwhile, alone and crushed, Maya sits beside an ever-blooming sakura tree, in deep thought. Until Yasu arrives to give her a watermelon as a present. She decides to stay and talk about Maya, both the past and the present. It is strange, but Yasu keeps the conversation in a calm manner. Yasu and Maya peacefully talk about their hopes and dreams. The girls share their thoughts about each other and the world they live in. On that happy note, Yasu leaves.",
        "participating_characters": [
            "Touka Tsukioka",
            "Miku Maruyama",
            "Otoha Okakura",
            "Noriko Nakayama",
            "Io Ichimonji",
            "Uta Ushibori",
            "Tsuneyo Tojo",
            "Sana Sakakibara",
            "Maya Makinami",
            "Yasu Yasui"
        ],
        "trivia": []
    },
    "technical_information": {
        "event_references": {
            "event_default_name": "Even Heaven",
            "event_script_names": "christmasfive7",
            "event_missed_name": "This event is not missable."
        },
        "backgrounds": [
            "goldensanta"
        ],
        "music_tracks": [
            "stpartynight.mp3",
            "hallelujah.mp3"
        ],
        "changelog": [
            "This Event was added in Update 0.46."
        ]
    },
    "navigation": {
        "previous_event": "Seed of Self-Doubt",
        "next_event": "Post-Nut Clarity"
    }
}