{
    "event_id": "everything_ephemeral_face_forward_",
    "event_title": "Everything Ephemeral (Face Forward)",
    "url": "https://www.lessonsinlove.wiki/index.php?title=Everything_Ephemeral_(Face_Forward)",
    "event_type": "Main Event",
    "primary_character": null,
    "chapter": "v0.19.8",
    "interactivity": {
        "requirements": "None",
        "to_get_this_event": "Autoplays after \" Taking the Reins \" , or \" Falling Off the Tracks \" . This event belongs to an event chain started from \" Good Morning \" .",
        "to_miss_this_event": "This event is not missable.",
        "choices": [],
        "effects": []
    },
    "progression": {
        "locations": [
            "Beach"
        ],
        "synopsis": "Uta and Io talk on the beach. Io tells Uta that she likes Sensei , which Uta knows. Io suspects that Uta also needs to talk about something, but Uta doesn't want to. They talk about their early friendship, and about Uta's figuring out who she was. Yasu arrives, and eventually lets them know that she is present. They try to get Yasu to talk about something other than God, with only limited success.",
        "participating_characters": [
            "Uta Ushibori",
            "Io Ichimonji",
            "Yasu Yasui"
        ],
        "trivia": []
    },
    "technical_information": {
        "event_references": {
            "event_default_name": "Everything Ephemeral (Face Forward)",
            "event_script_names": "secondbeach7",
            "event_missed_name": "This event is not missable."
        },
        "backgrounds": [
            "utaiobeach"
        ],
        "music_tracks": [
            "justlights.mp3"
        ],
        "changelog": [
            "This Event was added in Update .19p2."
        ]
    },
    "navigation": {
        "previous_event": "The Yellow Wallpaper",
        "next_event": "The Legacy of Thaum Pt. III: Changeling",
        "prev_event": null
    }
}