{
    "event_id": "everything_horrible",
    "event_title": "Everything Horrible",
    "url": "https://www.lessonsinlove.wiki/index.php?title=Everything_Horrible",
    "event_type": "Main Event",
    "primary_character": null,
    "chapter": "v0.6.6",
    "interactivity": {
        "requirements": "Friday You must be on at least Day  128  to unlock this Event. You must have seen or permanently missed the following Events: Seen Main Events up to \" On The Bright Side \"",
        "to_get_this_event": "Upon fulfilling all Requirements, this Event automatically occurs on the first Friday on or after Day 128.",
        "to_miss_this_event": "This event is not missable.",
        "choices": [],
        "effects": []
    },
    "progression": {
        "locations": [
            "Kumon-Mi",
            "Tojo Ramen"
        ],
        "synopsis": "Sensei meets Chika and Yumi . Chika gets annoyed at how Sensei and Yumi aren't getting along, and despite both of them saying it isn't a good idea, insists that the two of them have dinner together and at least try to get along. She takes them to Tojo Ramen , which Sensei and Yumi both think looks a bit sketchy. Chika quietly tells Sensei that Yumi \"only gets this angry when she's feeling vulnerable\", so he should try to be nice. Inside, Yumi reveals that she didn't get the job , and also talks about Sensei's comment about self-control . She says that she just \"isn't meant\" to be like everyone else, calls her self \"everything horrible\", and leaves. Shortly afterwards, a woman whom Sensei doesn't know sits down and asks what happened. They talk about kids — she has one, but doesn't know where she is, and recommends against ever having kids himself. She gets him to pay for their ramen.",
        "participating_characters": [
            "Sensei",
            "Chika Chosokabe",
            "Yumi Yamaguchi",
            "Yuki Yamaguchi"
        ],
        "trivia": []
    },
    "technical_information": {
        "event_references": {
            "event_default_name": "Everything Horrible",
            "event_script_names": "day128",
            "event_missed_name": "This event is not missable."
        },
        "backgrounds": [
            "chikayumi",
            "ramenyumi"
        ],
        "music_tracks": [
            "normalday.mp3",
            "kashiwagi.mp3"
        ],
        "changelog": [
            "This Event was added in Update 0.6."
        ]
    },
    "navigation": {
        "previous_event": "On The Bright Side",
        "next_event": "Erotic Game Protagonist"
    }
}