{
    "event_id": "for_more_than_just_me",
    "event_title": "For More Than Just Me",
    "url": "https://www.lessonsinlove.wiki/index.php?title=For_More_Than_Just_Me",
    "event_type": "Main Event",
    "primary_character": null,
    "chapter": "v0.35.14",
    "interactivity": {
        "requirements": "None",
        "to_get_this_event": "Autoplays after \" Happy Memories \" . This event belongs to an event chain started from \" Eggside Octopus \" .",
        "to_miss_this_event": "This event is not missable.",
        "choices": [],
        "effects": []
    },
    "progression": {
        "locations": [
            "Karaoke Bar - Booth"
        ],
        "synopsis": "It's raining outside, but Sensei is the only one who notices; Ami , Maya , Ayane , and Sana meanwhile move through each raindrop without noticing at all. Stuck now with persistent sadness, Sensei blames something unseen as he narrates the walk to the karaoke bar . He tells this unseen entity that it is their fault he will lose everything tonight, and while he might deserve it, and while the story may continue without him, he warns that it won't be the same if he's not there for them to watch. The rain pours and pours, and he gets the feeling that it will begin to rain much more often from here on, with other changes sure to follow. Sensei takes the time to assess his situation, engrave the names of the girls around him in his memory, and remind himself of the advice of a girl who's name he can't and won't bother to remember. The girls all sit in their karaoke booth, discussing amongst themselves what they'll be doing tonight. While Maya idly scrolls through the menu, she questions Ayane on why she planned this afterparty in the first place. Ayane asserts that, on top of being a good change of pace, it's a bonding experience for all the members of the Sensei Love Squad , promptly \"swearing-in\" Sana to the group once asked. Throughout these exchanges, Sensei stares wordlessly at Sana, trying to confirm to himself if the incident in the Amamiya Estate 's infirmary happened, being convinced it didn't due to a lack of clear evidence and the memory of the unknown girl who was with them. As Sana confirms to the girls that she's fully recovered from her heat stroke scare , he recalls every painful detail and realizes it wasn't just in his head. Having noticed the subtle shift between Sana and Sensei, Ami begins to pry at the two as to what happened tonight between them. She's held back by Ayane's insistence that she's simply imagining things and the two step up to the microphones. Their song begins to play while Maya groans about the choice, sharing her preferred music tastes with the group before Ami and Ayane begin to sing. Hearing the song, Sensei is overcome with nostalgia and reaches into his pocket to call Niki .",
        "participating_characters": [
            "Sensei",
            "Ayane Amamiya",
            "Ami Arakawa",
            "Maya Makinami",
            "Sana Sakakibara"
        ],
        "trivia": []
    },
    "technical_information": {
        "event_references": {
            "event_default_name": "For More Than Just Me",
            "event_script_names": "halloweenfour14",
            "event_missed_name": "This event is not missable."
        },
        "backgrounds": [
            "karaoketime"
        ],
        "music_tracks": [
            "ame.mp3",
            "shiningstarinstrumental.mp3"
        ],
        "changelog": [
            "This Event was added in Update 0.35."
        ]
    },
    "navigation": {
        "previous_event": "Happy Memories",
        "next_event": "I Won't Say I'm In Love",
        "prev_event": null
    }
}