{
    "event_id": "four_walls_a_garden",
    "event_title": "Four Walls, A Garden",
    "url": "https://www.lessonsinlove.wiki/index.php?title=Four_Walls,_A_Garden",
    "event_type": "Main Event",
    "primary_character": null,
    "chapter": "v0.44-0.11",
    "interactivity": {
        "requirements": "None",
        "to_get_this_event": "Autoplays after \" When the Well Runs Dry \" . This event belongs to an event chain started from \" Rubik's Cube \" .",
        "to_miss_this_event": "This event is not missable.",
        "choices": [],
        "effects": []
    },
    "progression": {
        "locations": [
            "Amamiya Estate - Dojo"
        ],
        "synopsis": "While Uta and Kirin are standing on the side, an unknown narrator contemplates on how being complacent in a known environment might be better than trying to find a better place in the unknown, similar to how they are complacent in the world they've created, though when the two girls start talking, they doubt they really created it. Uta and Kirin have a bit of an awkward time together due to both being unfamiliar with each other, but end up bonding over how they pretend to be happier than they actually are. Meanwhile, Ayane has gathered all participants of the last slumber party to plan the next one. Yumi wonders why she wants to have another one when the first one was basically a failure, and while Ayane admits it didn't gave them any new information, they still managed to recruit her, so it's a minor success. Therefore, she wants to go all out this time and invite everyone in their class to the next one. Sensei asks why they didn't do that right away, and Makoto assumes Ayane is more interested in the slumber parties, and so anything regarding the reset is made up on the spot, but Ayane insists she's invested in both. Makoto suggests to announce it right now, then, but the girls don't want to interrupt the band, plus Ami and Maya aren't here yet, though Sensei feels they should exclude them. Noriko asks Sana if she managed to hear what they were saying, since she's unable to understand a single word, but Sana was too occupied with Noriko holding Sensei's arm. While the group tries to determine where they want to hold the next slumber party, which is interrupted when they have to deal with Sana being stuck on repeat and Noriko's poor hearing, the unknown narrator appears again and makes everything disappear as they ponder on human existence. When things return to normal, we're back at the beginning of the meeting, but before it can start again, a sudden cry of excitement from Chika catches their attention.",
        "participating_characters": [
            "Sensei",
            "Kirin Kanda",
            "Uta Ushibori",
            "Ayane Amamiya",
            "Makoto Miyamura",
            "Noriko Nakayama",
            "Yumi Yamaguchi",
            "Sana Sakakibara",
            "Chika Chosokabe"
        ],
        "trivia": []
    },
    "technical_information": {
        "event_references": {
            "event_default_name": "Four Walls, A Garden",
            "event_script_names": "halloweenfive6",
            "event_missed_name": "This event is not missable."
        },
        "backgrounds": [
            "partybeforethe"
        ],
        "music_tracks": [
            "pox.mp3"
        ],
        "changelog": [
            "This Event was added in Update 0.44."
        ]
    },
    "navigation": {
        "previous_event": "The Art of Tribadism",
        "next_event": "SENSEI-QUEST"
    }
}