{
    "event_id": "friend_zone_fight_",
    "event_title": "Friend Zone Fight!",
    "url": "https://www.lessonsinlove.wiki/index.php?title=Friend_Zone_Fight!",
    "event_type": "Main Event",
    "primary_character": null,
    "chapter": "v0.17.6",
    "interactivity": {
        "requirements": "None",
        "to_get_this_event": "Autoplays after \" Alive & Active! All Out Athletics! \" . This event belongs to an event chain started from \" Operation: Firestarter \" .",
        "to_miss_this_event": "This event is not missable.",
        "choices": [],
        "effects": [
            "+1 Second Floor"
        ]
    },
    "progression": {
        "locations": [
            "Koi Cafe"
        ],
        "synopsis": "Sensei arrives at the cafe, and Haruka approaches him, concerned about his students hurting her business by loitering, though he assumes that the two wealthiest of them will make up for her loss. Rin and Otoha join them and explain the contest to him and Haruka – Sensei has to spend time with both contestants until one of them starts flirting back or their roommates spot any sign of them showing interest in him. Between his students being adorable across the board and them fighting for him, Haruka feels like he lucked out with his class, and while he agrees with this in general, he can't agree with her at the moment when the current contest entails him being rejected over and over again. After a quick talk with the Miyamura's about Miku 's victory , the contest begins. While the contest is going on, the following interactions take place: After informing Makoto about the result, Sensei and the girls make their way to the library.",
        "participating_characters": [
            "Sensei",
            "Haruka Hamasaki",
            "Rin Rokuhara",
            "Otoha Okakura",
            "Miku Maruyama",
            "Maki Miyamura",
            "Makoto Miyamura",
            "Futaba Fukuyama",
            "Nodoka Nagasawa",
            "Uta Ushibori",
            "Io Ichimonji",
            "Molly MacCormack",
            "Ayane Amamiya",
            "Touka Tsukioka"
        ],
        "trivia": [
            "There is variation in the dialogue depending on if Sensei broke his promise to Rin by seeing Schadenfreude before What's Done is Done ."
        ]
    },
    "technical_information": {
        "event_references": {
            "event_default_name": "Friend Zone Fight!",
            "event_script_names": "dormwar5",
            "event_missed_name": "This event is not missable."
        },
        "backgrounds": [
            "friendzonefight"
        ],
        "music_tracks": [
            "cafe.mp3"
        ],
        "changelog": [
            "This Event was added in Update .17."
        ]
    },
    "navigation": {
        "previous_event": "Alive & Active! All Out Athletics!",
        "next_event": "Sphenopalatine Ganglioneuralgia"
    }
}