{
    "event_id": "from_the_heart_red_shell_",
    "event_title": "From The Heart (Red Shell)",
    "url": "https://www.lessonsinlove.wiki/index.php?title=From_The_Heart_(Red_Shell)",
    "event_type": "Main Event",
    "primary_character": null,
    "chapter": "v0.42.1",
    "interactivity": {
        "requirements": "Sunday You must have seen or permanently missed the following Events: Seen \" I Will Carry You, My Light \" from Imani Imai Seen \" Meet Me At Our Spot \" from Uta Ushibori",
        "to_get_this_event": "Upon fulfilling all Requirements, this Event automatically occurs on Sunday Morning.",
        "to_miss_this_event": "This event is not missable.",
        "choices": [],
        "effects": []
    },
    "progression": {
        "locations": [
            "Amamiya Estate - Ayane's Room",
            "Sensei's House - Sensei's Bedroom"
        ],
        "synopsis": "Inside the Amamiya estate, Ayane invited Ami to her room and is immediately panicking after seeing her short hair. She wants to know who did this to her, and Ami reveals Sara cut her hair due to her completely ruining it and that she prefers her new look. Ayane wonders if she's really happy with it since she kept it long for Sensei , but he already promised he'll love her regardless , with Ayane liking how sweet she is until she ruins it with a comment on her deeper love for him. Ami also tells her how she's officially calling him her dad now, meaning she also sees Ayane as her sister. Ayane wonders if she'll see Maya the same way, but Ami negates this before both are wondering where she is – In Sensei's bedroom, where she tries to capitalize on Ami's absence. While Sensei resists at first, he gives in when Maya makes a final offer. Back with the girls, both are playing video games. Ayane asks if she will return to school soon, but Ami is unsure since she wants to ease Sensei's burden but also doesn't want to see any of her classmates, especially Chika who made her hatred for her very clear during her apology at the maid cafe . Ayane tells her not to worry about this since most of what she said wasn't how she felt, and while she confirms that the threats of violence weren't, her hating how the others want to or are already getting closer to Sensei behind her back were. She also reveals that she's aware of Ayane doing the same, but states she doesn't mind. Ayane gets uncomfortable with her being so open about this, and the following conversation makes that feeling even worse. Ami also states how she accepted the fact that the other girls would notice Sensei's good qualities and try to get closer to him because of them. Hearing her true feelings, Ayane wants to know if she's really okay with Sensei being close to her, and she admits how she prefers if she's close with him since Sensei needs someone who openly likes and supports him, which is a stark contrast to Maya who's also close with him but tries to keep it hidden for whatever reason, even when she gave her the chance to be honest with her . The atmosphere turns awkward, and Ami apologizes for being so untrustworthy, but hopes Ayane trusts her more than the person that ditched them to do what both of them would like to do as well.",
        "participating_characters": [
            "Sensei",
            "Ayane Amamiya",
            "Ami Arakawa",
            "Maya Makinami"
        ],
        "trivia": [
            "There is variation in the dialogue depending on the following: If Sensei chose \"Yes\" during No One Can See Us . If Sensei picked Ayane during Our Time Atop This Mattress .",
            "If Sensei chose \"Yes\" during No One Can See Us .",
            "If Sensei picked Ayane during Our Time Atop This Mattress ."
        ]
    },
    "technical_information": {
        "event_references": {
            "event_default_name": "From The Heart (Red Shell)",
            "event_script_names": "beachfive1",
            "event_missed_name": "This event is not missable."
        },
        "backgrounds": [
            "ayaneamihair"
        ],
        "music_tracks": [
            "10c.mp3"
        ],
        "changelog": [
            "This Event was added in Update .42.0."
        ]
    },
    "navigation": {
        "previous_event": "Happy",
        "next_event": "Monkey's Paw"
    }
}