{
    "event_id": "fuck_christmas",
    "event_title": "Fuck Christmas",
    "url": "https://www.lessonsinlove.wiki/index.php?title=Fuck_Christmas",
    "event_type": "Main Event",
    "primary_character": null,
    "chapter": "v0.11.6",
    "interactivity": {
        "requirements": "None",
        "to_get_this_event": "Autoplays after \" Patent-Pending \" . This event belongs to an event chain started from \" There is Nothing \" .",
        "to_miss_this_event": "This event is not missable.",
        "choices": [
            {
                "context": null,
                "option": "I think you look great",
                "effect": "+1 Chika Affection"
            },
            {
                "context": null,
                "option": "Yumi's got a point",
                "effect": "+1 Yumi Affection"
            }
        ],
        "effects": []
    },
    "progression": {
        "locations": [
            "Tsukioka Hotel"
        ],
        "synopsis": "After a monologue about how much he despises Christmas and a few detours to buy some necessities for the upcoming festivities, Sensei walks together with Ami , Ayane , and Maya to the hotel where the Christmas party is being held. Once he enters the hotel, he exchanges multiple interactions with the girls:",
        "participating_characters": [
            "Sensei",
            "Ami Arakawa",
            "Ayane Amamiya",
            "Maya Makinami",
            "Karin Kanda",
            "Futaba Fukuyama",
            "Tsuneyo Tojo",
            "Molly MacCormack",
            "Yumi Yamaguchi",
            "Chika Chosokabe",
            "Makoto Miyamura",
            "Miku Maruyama",
            "Sana Sakakibara",
            "Rin Rokuhara"
        ],
        "trivia": [
            "There is variation in the dialogue depending on if Sensei saw I Died With You"
        ]
    },
    "technical_information": {
        "event_references": {
            "event_default_name": "Fuck Christmas",
            "event_script_names": "christmas3",
            "event_missed_name": "This event is not missable."
        },
        "backgrounds": [
            "christmasyay",
            "christmasgreeting"
        ],
        "music_tracks": [
            "christmasyay.mp3"
        ],
        "changelog": [
            "This Event was added in Update 0.11."
        ]
    },
    "navigation": {
        "previous_event": "Patent-Pending",
        "next_event": "Disappointing Everyone",
        "prev_event": null
    }
}