{
    "event_id": "genesis_19_pillars_of_salt_",
    "event_title": "Genesis 19 (Pillars of Salt)",
    "url": "https://www.lessonsinlove.wiki/index.php?title=Genesis_19_(Pillars_of_Salt)",
    "event_type": "Main Event",
    "primary_character": null,
    "chapter": "v0.49(Super Mega Ultimate Heaven & Hell).18",
    "interactivity": {
        "requirements": "None",
        "to_get_this_event": "Autoplays after \" John 13 (From God to God) \" . This event belongs to an event chain started from \" Prepare for Battle! \" .",
        "to_miss_this_event": "Don't Lust Ami, Sara, and Haruka. Replaced by Zoar in Flames .",
        "choices": [],
        "effects": []
    },
    "progression": {
        "locations": [
            ""
        ],
        "synopsis": "WIP",
        "participating_characters": [
            "Nodoka Nagasawa",
            "Miku Maruyama",
            "Ayane Amamiya",
            "Sensei",
            "Kirin Kanda",
            "Ami Arakawa"
        ],
        "trivia": [
            "WIP"
        ]
    },
    "technical_information": {
        "event_references": {
            "event_default_name": "Genesis 19 (Pillars of Salt)",
            "event_script_names": "nodokathontwo2",
            "event_missed_name": "Zoar in Flames"
        },
        "backgrounds": [
            "lotsoffungetitlol",
            "black"
        ],
        "music_tracks": [
            "hometown.mp3"
        ],
        "changelog": [
            "This Event was added in Update 0.48.0."
        ]
    },
    "navigation": {
        "previous_event": "John 13 (From God to God)",
        "next_event": "Thessalonians 4 (Lust Like the Pagans)"
    }
}