{
    "event_id": "getting_comfortable",
    "event_title": "Getting Comfortable",
    "url": "https://www.lessonsinlove.wiki/index.php?title=Getting_Comfortable",
    "event_type": "Main Event",
    "primary_character": null,
    "chapter": "v0.19.13",
    "interactivity": {
        "requirements": "None",
        "to_get_this_event": "Autoplays after \" Into the Woods \" , or \" Out of the Woods \" . This event belongs to an event chain started from \" Good Morning \" .",
        "to_miss_this_event": "This event is not missable.",
        "choices": [],
        "effects": [
            "+1 Ami , Ayane , Chika , Futaba , Makoto , Maya , Miku , Rin , Sana , Yumi Affection",
            "+1 Io , Kirin , Molly , Nodoka , Noriko , Otoha , Touka , Tsuneyo , Uta , Yasu Affection"
        ]
    },
    "progression": {
        "locations": [
            "Beach - First Floor's Room/Second Floor's Room"
        ],
        "synopsis": "Sensei will spend the night with whichever set of girls won the dorm war , and goes around talking to them. If the First Floor won the Dorm War: If the Second Floor won the Dorm War:",
        "participating_characters": [
            "Sensei",
            "Makoto Miyamura",
            "Futaba Fukuyama",
            "Rin Rokuhara",
            "Maya Makinami",
            "Chika Chosokabe",
            "Yumi Yamaguchi",
            "Miku Maruyama",
            "Sana Sakakibara",
            "Ami Arakawa",
            "Ayane Amamiya",
            "Kirin Kanda",
            "Karin Kanda",
            "Tsuneyo Tojo",
            "Touka Tsukioka",
            "Otoha Okakura",
            "Nodoka Nagasawa",
            "Noriko Nakayama",
            "Uta Ushibori",
            "Io Ichimonji",
            "Yasu Yasui"
        ],
        "trivia": [
            "The scene is completely different based on Dorm War results. Additionally, there can be slight variations depending on a lot of past choices. On the Floor 1 route, there is variation in the dialogue depending on the following: If Sensei saw Into the Woods . If Sensei saw Prisoner . Sensei's choice during No One Can See Us . On the Floor 2 route, there is variation in the dialogue depending on the following: If Sensei saw Taking the Reins . If Sensei saw The Princess & The Pauper .",
            "On the Floor 1 route, there is variation in the dialogue depending on the following: If Sensei saw Into the Woods . If Sensei saw Prisoner . Sensei's choice during No One Can See Us .",
            "If Sensei saw Into the Woods .",
            "If Sensei saw Prisoner .",
            "Sensei's choice during No One Can See Us .",
            "On the Floor 2 route, there is variation in the dialogue depending on the following: If Sensei saw Taking the Reins . If Sensei saw The Princess & The Pauper .",
            "If Sensei saw Taking the Reins .",
            "If Sensei saw The Princess & The Pauper ."
        ]
    },
    "technical_information": {
        "event_references": {
            "event_default_name": "Getting Comfortable",
            "event_script_names": "secondbeach11",
            "event_missed_name": "This event is not missable."
        },
        "backgrounds": [
            "floor1sleepover",
            "floor2sleepover"
        ],
        "music_tracks": [
            "sweetvermouth.mp3"
        ],
        "changelog": [
            "This Event was added in Update .19p2."
        ]
    },
    "navigation": {
        "previous_event": "Torrential Downpour. Child of Man.",
        "next_event": "Left Out in Light"
    }
}