{
    "event_id": "god_of_light",
    "event_title": "God of Light",
    "url": "https://www.lessonsinlove.wiki/index.php?title=God_of_Light",
    "event_type": "Main Event",
    "primary_character": null,
    "chapter": "v0.44-0.32",
    "interactivity": {
        "requirements": "None",
        "to_get_this_event": "Autoplays after \" Soliloquy (Wearing Someone Else's Clothes) \" . This event belongs to an event chain started from \" Recap \" .",
        "to_miss_this_event": "This event is not missable.",
        "choices": [],
        "effects": []
    },
    "progression": {
        "locations": [
            "Amamiya Estate - Dojo",
            "Amamiya Estate - The Scary Room",
            "Kumon-Mi High",
            "Kumon-Mi High - School Rooftop"
        ],
        "synopsis": "The review of multiple events from all of the alternate timelines begins with the monologue of the mysterious narrator, who is wondering about unpredictable twists of fate and people's inability to explain them without looking for the most convenient answers. They switch the theme to the perception of God and beauty in all things... ...We return back to the happy Arakawa family, who are discussing what happened before . Sekai and Ami remain surprisingly calm and uplifted, and react on Ami's sudden outburst like nothing unsettling happened. Excluding Sekai's efforts to teach her daughter some manners, the following exchange between the two is quite comedic. But Sensei , being silent, stunned, and even terrified for all this time, couldn't catch any of their jokes!.. ...Getting back to The Scary Room , Maya tries to cope with the shock she had to go through, while Ami stands firm and savours the moment of triumph. During their conversation, Maya accepts her submissive position in their team, and suddenly, Ami jumps to the subject of the past... ...And finishing with Yumi and Ayane on their journey . As the two entered the school, preparing for the reset, Yumi wanted to clarify some details about this otherworldly phenomenon, and Ayane explains many things she learned on her path. They make their way to the rooftop. And there, Angels are already waiting. They welcome the two girls to join the process of the incoming revamp. As always, Angels speak in riddles, denying many things Ayane and Yumi assume, and giggling at them. In the end, accompanied with Angels' astounded screams, HOPE manifests himself and declares his reign. Intimidated, Yumi and Ayane can only watch how HOPE absorbs everything in the world which they desperately tried to escape...",
        "participating_characters": [
            "Sekai Arakawa",
            "Ami Arakawa",
            "Sensei",
            "Maya Makinami",
            "Yumi Yamaguchi",
            "Ayane Amamiya",
            "Angels",
            "Hope"
        ],
        "trivia": []
    },
    "technical_information": {
        "event_references": {
            "event_default_name": "God of Light",
            "event_script_names": "halloweenfive15",
            "event_missed_name": "This event is not missable."
        },
        "backgrounds": [
            "okayitsgametimeagain",
            "happy"
        ],
        "music_tracks": [
            "amiamiami.mp3",
            "merrychristmasmrlawrence.mp3",
            "itsingsinitssleep.mp3"
        ],
        "changelog": [
            "This Event was added in Update 0.45."
        ]
    },
    "navigation": {
        "previous_event": "Pop Goes the Weasel",
        "next_event": "Sonny Boy & The Magnificent Waiting Room"
    }
}