{
    "event_id": "goth_girl_glamour_gala_",
    "event_title": "Goth Girl Glamour Gala!",
    "url": "https://www.lessonsinlove.wiki/index.php?title=Goth_Girl_Glamour_Gala!",
    "event_type": "Main Event",
    "primary_character": null,
    "chapter": "v0.49(Super Mega Ultimate Heaven & Hell).15",
    "interactivity": {
        "requirements": "None",
        "to_get_this_event": "Autoplays after \" Strippers? No! Swimsuits! (Pool-Toucher) \" . This event belongs to an event chain started from \" Prepare for Battle! \" .",
        "to_miss_this_event": "This event is not missable.",
        "choices": [
            {
                "context": null,
                "option": "Ayane",
                "effect": "Gives Floor 1 a point"
            },
            {
                "context": null,
                "option": "Nodoka",
                "effect": "Gives Floor 2 a point If Ayane was voted for in Sweet Joy Befall Thee! Be Nice to Sensei Battle! , Strippers? No! Swimsuits! (Pool-Toucher) , and after the Io and Rin contests, unique dialogue happens"
            }
        ],
        "effects": []
    },
    "progression": {
        "locations": [
            ""
        ],
        "synopsis": "WIP",
        "participating_characters": [
            "Uta Ushibori",
            "Maya Makinami",
            "Tsuneyo Tojo",
            "Sana Sakakibara",
            "Rin Rokuhara",
            "Molly MacCormack",
            "Nodoka Nagasawa",
            "Miku Maruyama",
            "Futaba Fukuyama",
            "Ayane Amamiya",
            "Sensei",
            "Kirin Kanda",
            "Noriko Nakayama",
            "Ami Arakawa",
            "Otoha Okakura"
        ],
        "trivia": [
            "WIP"
        ]
    },
    "technical_information": {
        "event_references": {
            "event_default_name": "Goth Girl Glamour Gala!",
            "event_script_names": "dormwarsfive12",
            "event_missed_name": "This event is not missable."
        },
        "backgrounds": [
            "gothtimeyo",
            "stripswimwar",
            "black"
        ],
        "music_tracks": [
            "citylife.mp3"
        ],
        "changelog": [
            "This Event was added in Update 0.48.0."
        ]
    },
    "navigation": {
        "previous_event": "Strippers? No! Swimsuits! (Pool-Toucher)",
        "next_event": "And Then There Were Two",
        "prev_event": null
    }
}