{
    "event_id": "happy_places",
    "event_title": "Happy Places",
    "url": "https://www.lessonsinlove.wiki/index.php?title=Happy_Places",
    "event_type": "Main Event",
    "primary_character": null,
    "chapter": "v0.11.3",
    "interactivity": {
        "requirements": "Wednesday You must be on at least Day  216  to unlock this Event. You must have seen or permanently missed the following Events: Seen Main Events up to \" Two Wooden Doors \"",
        "to_get_this_event": "Upon fulfilling all Requirements, this Event automatically occurs on the first Wednesday on or after Day 216.",
        "to_miss_this_event": "This event is not missable.",
        "choices": [],
        "effects": []
    },
    "progression": {
        "locations": [
            "Kumon-Mi High - Hallway",
            "Kumon-Mi High - Entrance Lockers"
        ],
        "synopsis": "Sensei is looking for Makoto after class, hoping to talk to her about what's wrong . Ami and Ayane correctly guess that she'll be at the lockers. Makoto is still behaving strangely, talking about an endless cycle of sleeping until tomorrow comes, then sleeping again. She tells him that he isn't the one who \"broke\" her — she broke herself, or God god did. Other people start to notice them, and Sensei suggests going to the roof to talk. Makoto no longer likes the roof, saying that the last time she was up there, she was \"touched by the dark\". Sensei says that he doesn't want to see her like this, and Makoto comments that she \"only had to snap for you to finally show me an ounce of compassion\", and that she \"would have jumped earlier\" if she had known. She tells him that she isn't really fine, but it doesn't matter.",
        "participating_characters": [
            "Sensei",
            "Ami Arakawa",
            "Ayane Amamiya",
            "Makoto Miyamura"
        ],
        "trivia": []
    },
    "technical_information": {
        "event_references": {
            "event_default_name": "Happy Places",
            "event_script_names": "day216",
            "event_missed_name": "This event is not missable."
        },
        "backgrounds": [
            "happyplacesredux",
            "makotolocker"
        ],
        "music_tracks": [
            "normalday.mp3",
            "stopwind.mp3"
        ],
        "changelog": [
            "This Event was added in Update 0.11."
        ]
    },
    "navigation": {
        "previous_event": "Two Wooden Doors",
        "next_event": "Tradition",
        "prev_event": null
    }
}