{
    "event_id": "happy",
    "event_title": "Happy",
    "url": "https://www.lessonsinlove.wiki/index.php?title=Happy",
    "event_type": "Main Event",
    "primary_character": null,
    "chapter": "v0.39(Sports Wars).20",
    "interactivity": {
        "requirements": "None",
        "to_get_this_event": "Autoplays after \" The Pit of Despair \" . This event is the final event in an event chain started from \" Ten Tips and Tricks to Make Even Straight Girls Want to Fuck You \" .",
        "to_miss_this_event": "This event is not missable.",
        "choices": [],
        "effects": []
    },
    "progression": {
        "locations": [
            "Tsukioka Apartment Complex - Sensei's Apartment",
            "Kumon-Mi - Streets",
            "Kumon-Mi High - Entrance"
        ],
        "synopsis": "It's the morning after the Sport Day, and Sensei is already awake and lost in thoughts. He, once again, laments the loss of his Maya and how it has driven him to seek someone out who resembles her. However, it did nothing to fill the void that Maya's \"death\" left behind, especially since his mind has started to blank her out again. As he gets dressed and leaves his apartment, he notices that he wasn't having dreams last night, though he doesn't know if this is a good thing. Sometime later, Maya wakes up, frustrated that Sensei isn't there anymore. After getting dressed herself, she leaves the apartment as well, only to run into Chika . She wants to know why she's here and, when Maya struggles to explain herself, comes to the conclusion that she was looking for an apartment in the complex she's living in, something Maya wasn't aware off, and decides to not pry any further into her private life. Instead, Chika invites her to go to work with her, but Maya still thinks she's working at the mall and initially refuses, changing her mind when Chika reveals she's working at the maid cafe and can give her a discount on her order. Meanwhile at school, Imani gives her final speech for the Dorm Wars, starting by apologizing for the chaos she caused during the contests. After Futaba makes her displeasure about Nodoka known and the girls who participated in Nodokathon reminisce discreetly about their experiences, Imani announces the results of the contests. Imani concludes her speech by reminding the girls that the point of this Dorm Wars was to ease everyone's burdens and hopes it was a success, and if it wasn't that they will find support in their classmates. Once they're dismissed, Touka still wonders why Maya was absent, though accepts Ayane 's explanation of her having some personal issues to deal with. Ayane wants to know how Yasu is doing and learns that she's back to her usual self. When Ayane asks Uta how Io is doing after Nodoka told everyone about her abuse, something Touka is still unaware of, Uta tells her that Io took enough medication to deal with it – Uta, on the other hand, is still furious and despises Nodoka for what she did. She begs Ayane and Touka to understand that while Io often acts toxic towards others, she has a good reason for being doing so, but Ayane assures her that she understands it and offers her support if she needs it, with Touka also promising her aid. Uta appreciates it, but is still upset that this happened. She knows that everyone of them has secrets they want to hide from others, so when someone just reveals them like it's nothing and without fully understanding them, it makes her sick. She wishes that everyone of them manages to find happiness, yet fears that this will always be an unachievable dream.",
        "participating_characters": [
            "Maya Makinami",
            "Chika Chosokabe",
            "Imani Imai",
            "Wakana Watabe",
            "Rika Rokuhara",
            "Otoha Okakura",
            "Nodoka Nagasawa",
            "Futaba Fukuyama",
            "Noriko Nakayama",
            "Rin Rokuhara",
            "Kirin Kanda",
            "Molly MacCormack",
            "Sana Sakakibara",
            "Makoto Miyamura",
            "Touka Tsukioka",
            "Ayane Amamiya",
            "Uta Ushibori"
        ],
        "trivia": [
            "There is extra dialogue if Makoto won her contest in \" The Pit of Despair \"."
        ]
    },
    "technical_information": {
        "event_references": {
            "event_default_name": "Happy",
            "event_script_names": "sportswars20",
            "event_missed_name": "This event is not missable."
        },
        "backgrounds": [
            "endofnosenseiwar"
        ],
        "music_tracks": [
            "iamhome.mp3"
        ],
        "changelog": [
            "This Event was added in Update .39.0."
        ]
    },
    "navigation": {
        "previous_event": "Irregular Heartbeat",
        "next_event": "From The Heart (Red Shell)"
    }
}