{
    "event_id": "human_trafficking",
    "event_title": "Human Trafficking",
    "url": "https://www.lessonsinlove.wiki/index.php?title=Human_Trafficking",
    "event_type": "Main Event",
    "primary_character": null,
    "chapter": "v0.6.2",
    "interactivity": {
        "requirements": "You must be on at least Day  114  to unlock this Event. You must have seen or permanently missed the following Events: Seen Main Events up to \" Reset \" Seen \" Scouting Mission \" from Sana Sakakibara",
        "to_get_this_event": "Autoplay during weekday if requirements are met",
        "to_miss_this_event": "This event is not missable.",
        "choices": [],
        "effects": []
    },
    "progression": {
        "locations": [
            "Kumon-Mi"
        ],
        "synopsis": "Wandering around town, Sensei finds Kaori eating a hot, circular cheese-and-tomato wheel. She asks why he is without a young girl, since he always had one with him on their previous meetings — she suspects him of involvement in a human trafficking ring. His explanation that he is a teacher does not convince her. They talk about how Kaori works in so many different places, and whether she has any hobbies. Sensei tells her that she needs some more interesting things to do, and that he could show her some. She accepts, giving him her phone number and some of her pizza.",
        "participating_characters": [
            "Sensei",
            "Kaori Kadowaki"
        ],
        "trivia": [
            "If Good Day, Humans (one of Rin 's events) has been seen, Sensei will mention Kaori's photos."
        ]
    },
    "technical_information": {
        "event_references": {
            "event_default_name": "Human Trafficking",
            "event_script_names": "day114",
            "event_missed_name": "This event is not missable."
        },
        "backgrounds": [
            "pizzakaori"
        ],
        "music_tracks": [
            "justbehappy.mp3"
        ],
        "changelog": [
            "This Event was added in Update 0.6."
        ]
    },
    "navigation": {
        "previous_event": "Cursed Birds",
        "next_event": "Girl Talk Pt. II",
        "prev_event": null
    }
}