{
    "event_id": "immernachtreich",
    "event_title": "Immernachtreich",
    "url": "https://www.lessonsinlove.wiki/index.php?title=Immernachtreich",
    "event_type": "Main Event",
    "primary_character": null,
    "chapter": "v0.20.3",
    "interactivity": {
        "requirements": "None",
        "to_get_this_event": "Autoplays after \" Butterfly Facts \" . This event belongs to an event chain started from \" Girls in Spandex \" .",
        "to_miss_this_event": "This event is not missable.",
        "choices": [],
        "effects": []
    },
    "progression": {
        "locations": [
            "Amamiya Estate"
        ],
        "synopsis": "Sensei arrives at the Halloween party and, after Sana separates from him, has brief interactions with several of his students.",
        "participating_characters": [
            "Sensei",
            "Sana Sakakibara",
            "Rin Rokuhara",
            "Otoha Okakura",
            "Nodoka Nagasawa",
            "Molly MacCormack",
            "Futaba Fukuyama",
            "Kirin Kanda",
            "Chika Chosokabe",
            "Noriko Nakayama"
        ],
        "trivia": []
    },
    "technical_information": {
        "event_references": {
            "event_default_name": "Immernachtreich",
            "event_script_names": "halloweentwo3",
            "event_missed_name": "This event is not missable."
        },
        "backgrounds": [
            "letspartygogogo"
        ],
        "music_tracks": [
            "letsfuckingo.mp3"
        ],
        "changelog": [
            "This Event was added in Update .20p2."
        ]
    },
    "navigation": {
        "previous_event": "Butterfly Facts",
        "next_event": "Take Me Anywhere",
        "prev_event": null
    }
}