{
    "event_id": "kadrillionbilliontrillion",
    "event_title": "Kadrillionbilliontrillion",
    "url": "https://www.lessonsinlove.wiki/index.php?title=Kadrillionbilliontrillion",
    "event_type": "Main Event",
    "primary_character": null,
    "chapter": "v0.10.15",
    "interactivity": {
        "requirements": "None",
        "to_get_this_event": "Autoplays after \" Pry With a Smile \" . This event belongs to an event chain started from \" The Value of Sharing \" .",
        "to_miss_this_event": "This event is not missable.",
        "choices": [],
        "effects": []
    },
    "progression": {
        "locations": [
            "Amamiya Estate"
        ],
        "synopsis": "Molly has had a lot to drink — Tsuneyo takes responsibility for allowing it to happen. The other girls wonder if there is anything that can be done about it. When Sensei returns from his meeting with Makoto (whom he claims was feeling ill), Ami asks him to deal with the situation. First, though, he wishes Yumi a happy birthday — she asks if he is \"back to normal now\". Sensei talks to Molly, who is starting to make suggestive comments about being \"ready to go\" in more ways than one, but before they decide what to do with her, Sensei gets a call from Haruka . She's drunk too, and tells him that she and Maki need him to come fix their pipes. Sensei tells the girls that duty calls.",
        "participating_characters": [
            "Molly MacCormack",
            "Futaba Fukuyama",
            "Tsuneyo Tojo",
            "Ami Arakawa",
            "Maya Makinami",
            "Rin Rokuhara",
            "Chika Chosokabe",
            "Sensei",
            "Yumi Yamaguchi",
            "Haruka Hamasaki"
        ],
        "trivia": []
    },
    "technical_information": {
        "event_references": {
            "event_default_name": "Kadrillionbilliontrillion",
            "event_script_names": "halloween14",
            "event_missed_name": "This event is not missable."
        },
        "backgrounds": [
            "mollydrunk"
        ],
        "music_tracks": [
            "letsfuckingo.mp3"
        ],
        "changelog": [
            "This Event was added in Update 0.10p1."
        ]
    },
    "navigation": {
        "previous_event": "Pry With a Smile",
        "next_event": "As Loud as a Whisper Can Be",
        "prev_event": null
    }
}