{
    "event_id": "lavender_s_green",
    "event_title": "Lavender's Green",
    "url": "https://www.lessonsinlove.wiki/index.php?title=Lavender%27s_Green",
    "event_type": "Main Event",
    "primary_character": null,
    "chapter": "v0.20.12",
    "interactivity": {
        "requirements": "None",
        "to_get_this_event": "Autoplays after \" Escape Rope \" . This event belongs to an event chain started from \" Girls in Spandex \" .",
        "to_miss_this_event": "This event is not missable.",
        "choices": [],
        "effects": []
    },
    "progression": {
        "locations": [
            "Amamiya Estate"
        ],
        "synopsis": "After following Molly in order to make her feel better, Sensei starts to \"blackout\".",
        "participating_characters": [
            "Sensei",
            "Molly MacCormack"
        ],
        "trivia": [
            "During this scene, Sensei is supposedly \"given\" 6000000 Molly Affection. Checking the in-game profile for Molly reveals that these affection points have been added to Molly's existing count. They are removed soon after acquisition."
        ]
    },
    "technical_information": {
        "event_references": {
            "event_default_name": "Lavender's Green",
            "event_script_names": "halloweentwo11",
            "event_missed_name": "This event is not missable."
        },
        "backgrounds": [
            "lavendersgreen"
        ],
        "music_tracks": [
            "irishblood.mp3"
        ],
        "changelog": [
            "This Event was added in Update .20p2."
        ]
    },
    "navigation": {
        "previous_event": "Escape Rope",
        "next_event": "Gallows Edge"
    }
}