{
    "event_id": "lovely_lawyers_the_laws_of_love_",
    "event_title": "Lovely Lawyers & the Laws of...Love!",
    "url": "https://www.lessonsinlove.wiki/index.php?title=Lovely_Lawyers_%26_the_Laws_of...Love!",
    "event_type": "Main Event",
    "primary_character": null,
    "chapter": "v0.49(Super Mega Ultimate Heaven & Hell).9",
    "interactivity": {
        "requirements": "None",
        "to_get_this_event": "Autoplays after \" Shadow Word: Death Ball \" . This event belongs to an event chain started from \" Prepare for Battle! \" .",
        "to_miss_this_event": "This event is not missable.",
        "choices": [],
        "effects": []
    },
    "progression": {
        "locations": [
            "Kumon-Mi High - Sports Hall"
        ],
        "synopsis": "This was the contest where everything got serious! The girls face each other at the trial on the first-degree murder case. Makoto Miyamura , the prosecutor, had to prove the guilt of Wakana Watabe , the defendant, with the use of decisive evidence. Against her - Uta Ushibori , the defense attorney, had to prove her client innocent. Wise Imani Imai , the judge, was overlooking the process, as well as the jury: Futaba Fukuyama , Touka Tsukioka , Ayane Amamiya and Noriko Nakayama . Despite the uproar coming from the audience, the trial was held in a peaceful manner. Makoto Miyamura delivered an opening statement which impressed Imani Imai and the audience, lowering the positions and the composure of the defense. But while the trial was taking place, the jury were discussing different matters, like the cartoons they have watched in childhood. Ultimately, Makoto Miyamura called up Akira Arakawa as the witness. During the testimony, Wakana Watabe's tongue slipped, and she incriminated herself. After this, she confessed, applauding Makoto Miyamura and her efforts.\nUta Ushibori tried to manipulate the witness, however, the jury have already rendered a verdict: GUILTY. With that, Makoto Miyamura claimed yet another victory for her team. After the game, Sensei is approached by Makoto and Uta outside, and they walk to Koi Cafe together, where the next contest is being held.",
        "participating_characters": [
            "Uta Ushibori",
            "Sana Sakakibara",
            "Rin Rokuhara",
            "Makoto Miyamura",
            "Miku Maruyama",
            "Futaba Fukuyama",
            "Ayane Amamiya",
            "Sensei",
            "Wakana Watabe",
            "Chika Chosokabe",
            "Noriko Nakayama",
            "Imani Imai",
            "Touka Tsukioka"
        ],
        "trivia": [
            "An homage and a parody on the Ace Attorney game series, which was mentioned by Futaba in the event."
        ]
    },
    "technical_information": {
        "event_references": {
            "event_default_name": "Lovely Lawyers & the Laws of...Love!",
            "event_script_names": "dormwarsfive8",
            "event_missed_name": "This event is not missable."
        },
        "backgrounds": [
            "courtroomcontest",
            "black"
        ],
        "music_tracks": [
            "soda.mp3"
        ],
        "changelog": [
            "This Event was added in Update 0.48.0."
        ]
    },
    "navigation": {
        "previous_event": "Shadow Word: Death Ball",
        "next_event": "Silhouettes of Scorned Princesses",
        "prev_event": null
    }
}