{
    "event_id": "mechanical_bull",
    "event_title": "Mechanical Bull",
    "url": "https://www.lessonsinlove.wiki/index.php?title=Mechanical_Bull",
    "event_type": "Main Event",
    "primary_character": null,
    "chapter": "v0.10.9",
    "interactivity": {
        "requirements": "None",
        "to_get_this_event": "Autoplays after \" Medical Assistance \" , or \" Almost Burning \" . This event belongs to an event chain started from \" The Value of Sharing \" .",
        "to_miss_this_event": "This event is not missable.",
        "choices": [],
        "effects": [
            "+1 Miku Affection"
        ]
    },
    "progression": {
        "locations": [
            "Sensei's House - Sensei's Room"
        ],
        "synopsis": "Sensei wakes up to find Miku sitting on him, dressed as a succubus/demon/bat (she isn't quite sure). She was considered the least likely person to do anything weird while waking Sensei, but finds it difficult to ignore his reaction to where she's sitting. Makoto enters, and doesn't believe Miku's protests that nothing was actually going on. Makoto then makes Sensei help prepare for the Halloween party, which takes most of the day.",
        "participating_characters": [
            "Sensei",
            "Miku Maruyama",
            "Makoto Miyamura"
        ],
        "trivia": []
    },
    "technical_information": {
        "event_references": {
            "event_default_name": "Mechanical Bull",
            "event_script_names": "halloween8",
            "event_missed_name": "This event is not missable."
        },
        "backgrounds": [
            "mikumount"
        ],
        "music_tracks": [
            "behindabathroom.mp3",
            "normalday.mp"
        ],
        "changelog": [
            "This Event was added in Update 0.10p1."
        ]
    },
    "navigation": {
        "previous_event": "Once, Twice, Ten Times",
        "next_event": "At Least It's Not Christmas",
        "prev_event": null
    }
}