{
    "event_id": "midnight_mom_mosh",
    "event_title": "Midnight Mom Mosh",
    "url": "https://www.lessonsinlove.wiki/index.php?title=Midnight_Mom_Mosh",
    "event_type": "Main Event",
    "primary_character": null,
    "chapter": "v0.27.9",
    "interactivity": {
        "requirements": "None",
        "to_get_this_event": "Autoplays after \" Everyone \" . This event belongs to an event chain started from \" A Walk Through Hell \" .",
        "to_miss_this_event": "This event is not missable.",
        "choices": [
            {
                "context": null,
                "option": "Maki",
                "effect": "+1 First Floor"
            },
            {
                "context": null,
                "option": "Tsubasa wins",
                "effect": "+1 Second Floor"
            }
        ],
        "effects": [
            "+3 Maki , Tsubasa Affection"
        ]
    },
    "progression": {
        "locations": [
            "Sensei's House"
        ],
        "synopsis": "Sensei wanders around outside after handing Ayane a list filled with every name she wanted him to write down. He contemplates about the fact that he technically didn’t betray anyone, yet still feels conflicted about what he did. He makes his way back home after receiving a call from Ami , who reminds him that he’s late for the next contest there. Back home, he isn’t in the mood to enjoy the contest, knowing that he severely hurt Ayane’s feelings and regretting that he didn’t mark less names on the list and let her live in ignorance. His mood changes instantly, though and he’s ready to judge the contest for the sake of everyone else. Ami complains that there are too many women inside their house and Sensei mentioning that he still has Io ’s game from her last visit and bringing up his karaoke experience with Uta doesn’t help. She decides to have a private talk with both of them and Sensei begs her not to stain the floor as he makes his way to the participants and their daughters. After some smalltalk with the Tsukioka’s and the Miyamura’s, Imani wants them to start the first round since it’s late and everyone probably wants to go to bed soon. With the contest ending in a tie and no time left for another task, Sensei is forced to name a winner instead. After declaring one of them the winner, Sensei decides to go to bed while everyone else leaves his house, but Ami prohibits him from sleeping at home when she’s at the hotel and demands that he comes with them. Realizing that he can’t argue against her, he begrudgingly follows them.",
        "participating_characters": [
            "Sensei",
            "Ami Arakawa",
            "Io Ichimonji",
            "Uta Ushibori",
            "Makoto Miyamura",
            "Tsubasa Tsukioka",
            "Touka Tsukioka",
            "Maki Miyamura",
            "Imani Imai"
        ],
        "trivia": []
    },
    "technical_information": {
        "event_references": {
            "event_default_name": "Midnight Mom Mosh",
            "event_script_names": "dormwartwo9",
            "event_missed_name": "This event is not missable."
        },
        "backgrounds": [
            "momwar"
        ],
        "music_tracks": [
            "meanttobe.mp3",
            "prairie.mp3"
        ],
        "changelog": [
            "This Event was added in Update .27.0."
        ]
    },
    "navigation": {
        "previous_event": "Everyone",
        "next_event": "The Way it Scatters",
        "prev_event": null
    }
}