{
    "event_id": "monkey_s_paw",
    "event_title": "Monkey's Paw",
    "url": "https://www.lessonsinlove.wiki/index.php?title=Monkey%27s_Paw",
    "event_type": "Main Event",
    "primary_character": null,
    "chapter": "v0.42.2",
    "interactivity": {
        "requirements": "None",
        "to_get_this_event": "Autoplays after \" From The Heart (Red Shell) \".",
        "to_miss_this_event": "This event is not missable.",
        "choices": [],
        "effects": [
            "Maya Makinami Affection is reset to 0.",
            "+1 Maya Affection"
        ]
    },
    "progression": {
        "locations": [
            "Sensei's House - Sensei's Room",
            "Sensei's House - Living Room",
            "Amamiya Estate - Ayane's Room"
        ],
        "synopsis": "Back in Sensei 's home, a satisfied Maya is resting on him, whereas Sensei is unsure on how to feel about her – On the one hand, she's a hollow copy of the Maya he knew and has no emotional value to him since she can't fill the emptiness her \"death\" created and instead increases it, but on the other hand, she still has some similarities to the old Maya, allowing him to pretend she's her. Maya wants to continue spending time with him, but Sensei isn't in the mood and instead tries to see if he can trigger the return of her memories by talking about how how she used to be and what they experienced. However, it doesn't work, and Maya only remembers she brought breakfast and urges him to follow her into the kitchen. While Maya searches his cupboards for something, Sensei once again has to acknowledge that this Maya and the one he knew are different entities, because this one walks through his home with a level of recklessness the old one, who was a rationale and cautious person, would never do. Maya asks hims to return back to school soon so she doesn't have to come to his home to see him, and also reveals that she met Chika near the apartment building he's living in and how she has her suspicions about her, though when Sensei tries to explain, she dismisses his attempt, claiming she isn't threatened by her. At that point, Sensei's phone starts to ring and he picks up, ignoring Maya's request to ignore it. Due to her speaking up, Ayane now knows where she went instead of meeting with her and Ami , and asks if he can tell her if Maya will still come, because she needs her there to balance out Ami's insane ideas, and Sensei promises to send her over since he wants her out of his house. Ayane also tells him that she planned a meeting with him and Makoto for the coming Friday, wanting to discuss their situation and plans going forward, and he agrees to to attend it, though is caught off-guard when Ayane calls him dad a few times before hanging up. With this, Sensei kicks Maya out, but pays for her ride to the Amamiya estate.",
        "participating_characters": [
            "Sensei",
            "Ayane Amamiya",
            "Ami Arakawa",
            "Maya Makinami"
        ],
        "trivia": [
            "There is variation in the dialogue depending on Sensei's choice during Our Time Atop This Mattress ."
        ]
    },
    "technical_information": {
        "event_references": {
            "event_default_name": "Monkey's Paw",
            "event_script_names": "beachfive2",
            "event_missed_name": "This event is not missable."
        },
        "backgrounds": [
            "mayapostcoitus"
        ],
        "music_tracks": [
            "shrinemaiden.mp3"
        ],
        "changelog": [
            "This Event was added in Update .42.0."
        ]
    },
    "navigation": {
        "previous_event": "From The Heart (Red Shell)",
        "next_event": "Operation: Sleepytime",
        "prev_event": null
    }
}