{
    "event_id": "more_than_her",
    "event_title": "More Than Her",
    "url": "https://www.lessonsinlove.wiki/index.php?title=More_Than_Her",
    "event_type": "Main Event",
    "primary_character": null,
    "chapter": "v0.44-0.2",
    "interactivity": {
        "requirements": "None",
        "to_get_this_event": "Autoplays after \" Rubik's Cube \" , the event that started the chain.",
        "to_miss_this_event": "This event is not missable.",
        "choices": [],
        "effects": []
    },
    "progression": {
        "locations": [
            "Sensei's House - Ami's Bedroom",
            "Sensei's House - Sensei's Bedroom",
            "Sensei's House - Living Room"
        ],
        "synopsis": "In Ami 's room, Niki puts some fishing touches on Ami's costume and voices her concern about her attending the party and wanting to go back to school already, but Ami is fine taking the next steps to re-integrate herself into the class while also making it clear that her values haven't changed. Ayane notes how Niki has moved in now and wonders if it won't hurt her carrier, but she isn't concerned, because it can either be portrayed in a way that makes her look better, or it ends her carrier and she can focus on her new family instead. Meanwhile in Sensei 's room, Maya confronts him about Niki's move-in, which he forgot to tell her about, and how it goes against what they want and need, but Sensei disagrees since Ami needs a mother figure in her life and he has to become a proper father for her to change anything. Maya reminds him that he needs help as well, which she provided until now, and wants to know if he really can just ignore everything they've been through. When he wants to reiterate how they never had a past together, Maya promises to listen to him about her past self if it changes his mind, but Niki hears her from outside the room once she gets desperate. Niki comes in and wants to know what's going on, and Sensei just tells her he had a spontaneous counseling session for Maya. Niki sees how she might need advice on how to deal with love problems, but Maya tells her not to speak to her, at which point Sekai appears and gives her opinion on both girls and their relationship with him, but Sensei, not wanting to see her, tells her to get lost. Once she's gone, Maya has run out of the room as well. Niki voices her concerns about Ami and how she thinks Ami should stay home for a bit longer, but Sensei assures her he will look over her, though he appreciates her worry for her. In the living room, a heartbroken Maya has no interest attending the class party and leaves. While Ayane thinks she should follow her, Ami tells her to let her handle Maya, especially since no one wants to see her at the party, whereas Ayane shouldn't be late for a party at her own home.",
        "participating_characters": [
            "Sensei",
            "Niki Nakayama",
            "Ami Arakawa",
            "Ayane Amamiya",
            "Sana Sakakibara",
            "Maya Makinami",
            "Sekai Arakawa"
        ],
        "trivia": []
    },
    "technical_information": {
        "event_references": {
            "event_default_name": "More Than Her",
            "event_script_names": "halloweenfive2",
            "event_missed_name": "This event is not missable."
        },
        "backgrounds": [
            "amibacktohallowen"
        ],
        "music_tracks": [
            "Unknown"
        ],
        "changelog": [
            "This Event was added in Update 0.44."
        ]
    },
    "navigation": {
        "previous_event": "Rubik's Cube",
        "next_event": "Action/Inaction"
    }
}