{
    "event_id": "mr_bones_wild_ride",
    "event_title": "Mr. Bones' Wild Ride",
    "url": "https://www.lessonsinlove.wiki/index.php?title=Mr._Bones%27_Wild_Ride",
    "event_type": "Main Event",
    "primary_character": null,
    "chapter": "v0.39(Sports Wars).12",
    "interactivity": {
        "requirements": "None",
        "to_get_this_event": "Autoplays after \" David Beckham's Large Banana \" . This event belongs to an event chain started from \" Ten Tips and Tricks to Make Even Straight Girls Want to Fuck You \" .",
        "to_miss_this_event": "This event is not missable.",
        "choices": [],
        "effects": []
    },
    "progression": {
        "locations": [
            "Soccer Field"
        ],
        "synopsis": "As Rika brings in a thirty foot ball, it's finally revealed what death ball is. However, outside of organizing the ball, Imani didn't put much thought into the competition as a whole and suggests the girls should just figure out what they need to do. Feeling that the ball has \"a mind of it's own\", the girls thought that getting the ball under control is the most logical condition to determine who wins. The event itself is presented in two ways – The actual contest in the present and an interview with older versions of the contestants recounting their experiences for a documentary. In the present, the initial reactions of the girls are shown, with Futaba , Rin , Yumi and Otoha being scared of the ball, whereas Uta is excited and Tsuneyo is completely calm. These impressions are somewhat mirrored in the interview where Futaba, Rin, Yumi and Otoha have varying degrees of negative feelings towards it, whereas Uta enjoyed the entire experience and tries to get death ball unbanned, as it was outlawed and mostly erased from history years after the occurrence due to the destruction and chaos it caused, and Tsuneyo doesn't see it as a big deal. The actual contest is presented in flashbacks, portraying it like a war zone or a kaiju attack as the ball runs wild, the field gets engulfed in flames, and the girls are either trying to escape the ball, stop it, or are caught in its wake. At the end, Tsuneyo is the one who manages to get the ball under control by lifting it up and throwing it far into the sky. When asked what allowed her to lift up a 2,000lbs ball without issues, Tsuneyo named her husband as the source of her strength, but when the producer notes how she wasn't married at the time, she claims it might've been a secret back then.",
        "participating_characters": [
            "Otoha Okakura",
            "Tsuneyo Tojo",
            "Uta Ushibori",
            "Yumi Yamaguchi",
            "Imani Imai",
            "Rika Rokuhara",
            "Rin Rokuhara",
            "Futaba Fukuyama",
            "Wakana Watabe"
        ],
        "trivia": []
    },
    "technical_information": {
        "event_references": {
            "event_default_name": "Mr. Bones' Wild Ride",
            "event_script_names": "sportswars12",
            "event_missed_name": "This event is not missable."
        },
        "backgrounds": [
            "deathball"
        ],
        "music_tracks": [
            "break.mp3"
        ],
        "changelog": [
            "This Event was added in Update .39.0."
        ]
    },
    "navigation": {
        "previous_event": "David Beckham's Large Banana",
        "next_event": "Priestess of Fallen Snow"
    }
}