{
    "event_id": "november_1st",
    "event_title": "November 1st",
    "url": "https://www.lessonsinlove.wiki/index.php?title=November_1st",
    "event_type": "Main Event",
    "primary_character": null,
    "chapter": "v0.36.5",
    "interactivity": {
        "requirements": "None",
        "to_get_this_event": "Autoplays after \" Silver & Gold \" . This event belongs to an event chain started from \" The Collector \" .",
        "to_miss_this_event": "This event is not missable.",
        "choices": [],
        "effects": [
            "-10 Ayane , Noriko Affection"
        ]
    },
    "progression": {
        "locations": [
            "Kumon-Mi High - Classroom",
            "Sensei's House - Living Room"
        ],
        "synopsis": "Maya , exhausted by Ayane 's recent obsession with her, points out how much time has passed since they agreed to talk with Sensei . With Christmas now looming, and Ayane's mental state still abysmal, Maya requests a 'break' from the constant attention, but Ayane rejects her request, as well as her accusation that she's secretly into her. She's left further upset by Maya's indifference to Sensei's condition and her disregard of Ami 's sudden shift in behavior. Holding out hope, she begs Maya to come along with her to Sensei's house to, once again, try and get permission to see him. This suggestion is received poorly, with Maya believing it will be as unsuccessful as the other attempts. Ayane concedes that the possibility is likely, but that so long as she isn't sure he hasn't been wiped out like 'Maya-Prime', she can't rest. The insinuation that she is 'sub-prime' offends Maya slightly, but she begrudgingly agrees to go with Ayane's plan, on the condition they leave immediately once rejected. Ayane thanks her and apologizes for hurting her feelings. Time passes and the girls immediately head for the Residential District, unlocking Sensei's front door and finding the place seemingly empty. While Maya's ready to give up immediately, Ayane decides to try and sneak into Sensei's room before Ami discovers them. The two don't get far, though, as Ami soon swoops in, demanding an answer for their sudden, unannounced visit. Ayane insists they're worried about Sensei, suggesting they take him to a hospital if he's been despondent for so long. Ami's insulted by the insinuation that she's unable to take care of the situation herself and suggests Ayane's merely trying to ruin her attempts at helping Sensei recover. Ayane insists this isn't true, but is left speechless by Ami's proceeding questions, each one progressively morbid and prying. Feeling increasingly hopeless, Ayane begs for permission to see Sensei, trying to express how worried she is at how stagnant both he and Ami herself seemingly are. Ami's furious with this line of reasoning, and refuses to budge, threatening to call the police should either Ayane or Maya step foot into their house again. Stepping in, Maya asks if they can leave a message for Sensei instead, with Ami agreeing to pass it along depending on its contents. After hearing Ayane's message, Ami realizes just how little trust she seems to have in her. She wonders aloud if both girls think she's merely obsessed and locking Sensei away due to untempered obsession. Ami confesses that such a possibility is likely, but feels she's allowed to be so mentally unstable due to how awful her life's been. Before either girl can react to this declaration, Ami demands they leave immediately. A knock on the door breaks up this conversation, and in walks Noriko and Niki , a duo Ami passive-aggressively proclaims did announce their arrival ahead of time. Upon seeing both Nakayama sisters, Maya immediately leaves, prompting brief confusion from Niki which is quickly pushed aside. Niki takes the time to drop off some Christmas presents for both Ami and Sensei, while Noriko tries to comfort Ayane, seeing how obviously upset she is.",
        "participating_characters": [
            "Maya Makinami",
            "Ayane Amamiya",
            "Ami Arakawa",
            "Noriko Nakayama",
            "Niki Nakayama"
        ],
        "trivia": []
    },
    "technical_information": {
        "event_references": {
            "event_default_name": "November 1st",
            "event_script_names": "springtime5",
            "event_missed_name": "This event is not missable."
        },
        "backgrounds": [
            "wearegoingtovisit"
        ],
        "music_tracks": [
            "10c.mp3",
            "stopwind.mp3",
            "normalday.mp3"
        ],
        "changelog": [
            "This Event was added in Update 0.36."
        ]
    },
    "navigation": {
        "previous_event": "Silver & Gold",
        "next_event": "Visibly Impatient",
        "prev_event": null
    }
}