{
    "event_id": "on_the_bright_side",
    "event_title": "On The Bright Side",
    "url": "https://www.lessonsinlove.wiki/index.php?title=On_The_Bright_Side",
    "event_type": "Main Event",
    "primary_character": null,
    "chapter": "v0.6.5",
    "interactivity": {
        "requirements": "You must be on at least Day  126  to unlock this Event. You must have seen or permanently missed the following Events: Seen Main Events up to \" Reset \" Seen \" Apples to Apples \" from Yumi Yamaguchi Seen \" A Castle for Everyone \" from Chika Chosokabe",
        "to_get_this_event": "Upon fulfilling all Requirements, this Event automatically occurs on the first weekday on or after Day 126.",
        "to_miss_this_event": "This event is not missable.",
        "choices": [],
        "effects": []
    },
    "progression": {
        "locations": [
            "Classroom"
        ],
        "synopsis": "Yumi is in class for once, but has taken Futaba 's desk. In the resulting discussion, Yumi is angry when Sensei says that she lacks self-control, given his own lapse .",
        "participating_characters": [
            "Sensei",
            "Futaba Fukuyama",
            "Yumi Yamaguchi"
        ],
        "trivia": []
    },
    "technical_information": {
        "event_references": {
            "event_default_name": "On The Bright Side",
            "event_script_names": "day126",
            "event_missed_name": "This event is not missable."
        },
        "backgrounds": [
            "yumidesk"
        ],
        "music_tracks": [
            "sweetvermouth.mp3"
        ],
        "changelog": [
            "This Event was added in Update 0.6."
        ]
    },
    "navigation": {
        "previous_event": "A Different View",
        "next_event": "Everything Horrible",
        "prev_event": null
    }
}