{
    "event_id": "patent_pending",
    "event_title": "Patent-Pending",
    "url": "https://www.lessonsinlove.wiki/index.php?title=Patent-Pending",
    "event_type": "Main Event",
    "primary_character": null,
    "chapter": "v0.11.5",
    "interactivity": {
        "requirements": "None",
        "to_get_this_event": "Autoplays after \" Snow-Covered Footprints \" . This event belongs to an event chain started from \" There is Nothing \" .",
        "to_miss_this_event": "This event is not missable.",
        "choices": [],
        "effects": [
            "+1 Ayane Lust"
        ]
    },
    "progression": {
        "locations": [
            "Sensei's House - Sensei's Room"
        ],
        "synopsis": "Sensei wakes up in the night to find Ayane , whose been desperate to spend some time alone with him.",
        "participating_characters": [
            "Sensei",
            "Ayane Amamiya"
        ],
        "trivia": [
            "There is variation in the dialogue depending on if Sensei saw Prisoner"
        ]
    },
    "technical_information": {
        "event_references": {
            "event_default_name": "Patent-Pending",
            "event_script_names": "christmas2",
            "event_missed_name": "This event is not missable."
        },
        "backgrounds": [
            "ayanesneaksin"
        ],
        "music_tracks": [
            "asobeatsex1.mp3"
        ],
        "changelog": [
            "This Event was added in Update 0.11."
        ]
    },
    "navigation": {
        "previous_event": "Snow-Covered Footprints",
        "next_event": "Fuck Christmas"
    }
}