{
    "event_id": "permission_slip",
    "event_title": "Permission Slip",
    "url": "https://www.lessonsinlove.wiki/index.php?title=Permission_Slip",
    "event_type": "Main Event",
    "primary_character": null,
    "chapter": "v0.19.2",
    "interactivity": {
        "requirements": "You must be on at least Day  355  to unlock this Event. You must have seen or permanently missed the following Events: Seen Main Events up to \" Food Groups \"",
        "to_get_this_event": "Upon fulfilling all Requirements, this Event automatically occurs on the first weekday on or after Day 355.",
        "to_miss_this_event": "This event is not missable.",
        "choices": [],
        "effects": [
            "+1 Rin Affection"
        ]
    },
    "progression": {
        "locations": [
            "Kumon-Mi"
        ],
        "synopsis": "Otoha asks Sensei if the class need permission slips for the upcoming beach visit. Chika is wondering if it could be safe for Chinami to come. Rin tells Sensei that there may be a repeat of what happened last time , because she intends to confess to Otoha. Molly follows them out to ask if Rin is okay — Rin says not to worry about it.",
        "participating_characters": [
            "Sensei",
            "Otoha Okakura",
            "Nodoka Nagasawa",
            "Makoto Miyamura",
            "Chika Chosokabe",
            "Yumi Yamaguchi",
            "Touka Tsukioka",
            "Rin Rokuhara",
            "Molly MacCormack"
        ],
        "trivia": [
            "Rin's conversation with Sensei is longer if he wasn't a bad homie ."
        ]
    },
    "technical_information": {
        "event_references": {
            "event_default_name": "Permission Slip",
            "event_script_names": "day355",
            "event_missed_name": "This event is not missable."
        },
        "backgrounds": [
            "rindemption"
        ],
        "music_tracks": [
            "oldweather.mp3"
        ],
        "changelog": [
            "This Event was added in Update .19p1."
        ]
    },
    "navigation": {
        "previous_event": "Food Groups",
        "next_event": "Good Morning",
        "prev_event": null
    }
}