{
    "event_id": "pop_goes_the_weasel",
    "event_title": "Pop Goes the Weasel",
    "url": "https://www.lessonsinlove.wiki/index.php?title=Pop_Goes_the_Weasel",
    "event_type": "Main Event",
    "primary_character": null,
    "chapter": "v0.44-0.29",
    "interactivity": {
        "requirements": "None",
        "to_get_this_event": "Autoplays after \" All Around the Mulberry Bush \" . This event belongs to an event chain started from \" Recap \" .",
        "to_miss_this_event": "This event is not missable.",
        "choices": [],
        "effects": [
            "+1 Ami Affection"
        ]
    },
    "progression": {
        "locations": [
            "Amamiya Estate - Dojo"
        ],
        "synopsis": "HOPE's unforeseen descendance causes the system crash, that seemingly affects Sensei and his new timeline too, but it gets resolved quickly. Sekai and Ami point out Sensei's lowered spirits and speak up their thoughts on it. Despite the weird elements in mother and daughter chatting, Sensei still can sense the warmth of family home. He can't help but reflect on it: was it possible for him to live a normal life, in any imaginary world? Sekai and Ami show their love to Akira, at the same time engaging into a philosophical dispute about definitions of happiness, normality. The two get pulled into the conversation and start laughing with each other again. This leaves a mark on Sensei, and he questions his motives over and over again. Would it be better for him to stay? He consults with Mrs. Arakawa, but she doesn't change her opinion about Sensei being present in this new world. Ami joins her mother's words and welcomes her father just the way he is. However, Sensei is still at a crossroads, revealing all his vulnerability to his dear wife. What if this long-awaited peacefullness ends, and he loses Sekai again? She and Ami answer it together, in philosophical manner, certainly. As they share another beautiful family moment, Sekai suggests Akira to go for one more round, as one of her students is coming to visit the party soon. Abruptly, this student happened to be Nodoka . None other than Nodoka from Sensei's timeline. They recognize each other, and Nodoka could't hold herself together anymore. She breaks her character and asks Sensei to hug her, to refresh the spirit and feel like home again. As a follow-up, she makes haste to warn Sensei about things he has to avoid in the future. However... It's suddenly over, as we hear the unnatural, disgusting, moist sound. In rage, Ami stabs Nodoka in the back, spreading panic among everyone who is present in the dojo. Ami is furious at Nodoka for her coming, she maniacally screams and rejoices in eviscerating her body. Even Sekai isn't able to stop the feral and violent fury of her daughter. Ami, not holding herself, wants her mother to be proud. On which, Sekai helps Ami to scrub up and asks Akira to hide the body somewhere.",
        "participating_characters": [
            "Sekai Arakawa",
            "Ami Arakawa",
            "Sensei",
            "Futaba Fukuyama",
            "Nodoka Nagasawa",
            "Rin Rokuhara",
            "Yumi Yamaguchi",
            "Chika Chosokabe",
            "Ayane Amamiya",
            "Miku Maruyama"
        ],
        "trivia": [
            "Ami stabs Nodoka 9 times."
        ]
    },
    "technical_information": {
        "event_references": {
            "event_default_name": "Pop Goes the Weasel",
            "event_script_names": "halloweenfive14",
            "event_missed_name": "This event is not missable."
        },
        "backgrounds": [
            "amisfunpartynight"
        ],
        "music_tracks": [
            "thesleepingcity.mp3",
            "stopwind.mp3"
        ],
        "changelog": [
            "This Event was added in Update 0.45."
        ]
    },
    "navigation": {
        "previous_event": "All Around the Mulberry Bush",
        "next_event": "God of Light"
    }
}