{
    "event_id": "post_nut_clarity",
    "event_title": "Post-Nut Clarity",
    "url": "https://www.lessonsinlove.wiki/index.php?title=Post-Nut_Clarity",
    "event_type": "Main Event",
    "primary_character": null,
    "chapter": "v0.46Christmas 5.18",
    "interactivity": {
        "requirements": "None",
        "to_get_this_event": "This event plays automatically after \" Now & Forever \" .",
        "to_miss_this_event": "This event is not missable.",
        "choices": [],
        "effects": [
            "+1 Maya Affection"
        ]
    },
    "progression": {
        "locations": [
            "Tsukioka Estate - The Golden Hall"
        ],
        "synopsis": "After fulfilling Imani's dreams , Sensei takes a moment to reflect on this day, full of various events and occurrences. He wonders about his nature, considering that he, perhaps, has no significant gifts or talents. Of course, he ends up thinking about Maya and her place in the past. Ironically, it just happens that Maya finds him in the corner of the Golden Hall and initiates a talk. Thanks to the talk with Yasu , Maya has become more determined to her Akira out about \"another Maya\". They both reflect on their bond and compare their memories. In the end, Maya wants Sensei to spend more time together, and finally, he agrees.",
        "participating_characters": [
            "Maya Makinami",
            "Sensei",
            "Ayane Amamiya",
            "???"
        ],
        "trivia": []
    },
    "technical_information": {
        "event_references": {
            "event_default_name": "Post-Nut Clarity",
            "event_script_names": "christmasfive8",
            "event_missed_name": "This event is not missable."
        },
        "backgrounds": [
            "bend",
            "vend",
            "mayafestival",
            "hanabi"
        ],
        "music_tracks": [
            "sensei.mp3"
        ],
        "changelog": [
            "This Event was added in Update 0.46."
        ]
    },
    "navigation": {
        "previous_event": "Even Heaven",
        "next_event": "Prepare for Battle!",
        "prev_event": null
    }
}