{
    "event_id": "prayer_position",
    "event_title": "Prayer Position",
    "url": "https://www.lessonsinlove.wiki/index.php?title=Prayer_Position",
    "event_type": "Main Event",
    "primary_character": null,
    "chapter": "v0.8.16",
    "interactivity": {
        "requirements": "None",
        "to_get_this_event": "Autoplays after \" Smile Guide \" . This event belongs to an event chain started from \" What's Done is Done \" .",
        "to_miss_this_event": "This event is not missable.",
        "choices": [],
        "effects": [
            "+1 Maya Affection"
        ]
    },
    "progression": {
        "locations": [
            "Beach"
        ],
        "synopsis": "Sensei finds himself leaning against a \"happy\" tree — he thinks about its roots, and hears A Voice from Far Away. Then he is suddenly watching Maya praying on the beach, although Sensei can't understand the words. She asks him if he is okay, and says that he seemed \"different\" for a second, but he is now thinking relatively normally again. When he suggests that her ability to reset the world allows her to get rid of memories or pain, she corrects him — she's not the one resetting the world. She asks him what he thinks about the stars, saying that it's a test — when he says that they're \"fine, I guess\", she says that he passed. She talks about how the stars reassure her and leave her without doubts, and then repeats her question — Sensei doesn't change his answer, and passes again. She returns to the topic of resets, telling Sensei that memories mostly do persist across resets, and that this can't continue for ever — it will \"all come tumbling down\".",
        "participating_characters": [
            "Sensei",
            "Maya Makinami"
        ],
        "trivia": [
            "There is variation in the dialogue depending on the following: If Sensei saw Prisoner . If Sensei saw Wake Up Call .",
            "If Sensei saw Prisoner .",
            "If Sensei saw Wake Up Call ."
        ]
    },
    "technical_information": {
        "event_references": {
            "event_default_name": "Prayer Position",
            "event_script_names": "beachvacation14",
            "event_missed_name": "This event is not missable."
        },
        "backgrounds": [
            "mayabeach"
        ],
        "music_tracks": [
            "blueair.mp3"
        ],
        "changelog": [
            "This Event was added in Update 0.8."
        ]
    },
    "navigation": {
        "previous_event": "Smile Guide",
        "next_event": "Cry. Cry. Cry.",
        "prev_event": null
    }
}