{
    "event_id": "pry_with_a_smile",
    "event_title": "Pry With a Smile",
    "url": "https://www.lessonsinlove.wiki/index.php?title=Pry_With_a_Smile",
    "event_type": "Main Event",
    "primary_character": null,
    "chapter": "v0.10.14",
    "interactivity": {
        "requirements": "None",
        "to_get_this_event": "Autoplays after \" The Depressing Implication of Goosebumps \" . This event belongs to an event chain started from \" The Value of Sharing \" .",
        "to_miss_this_event": "This event is not missable.",
        "choices": [],
        "effects": []
    },
    "progression": {
        "locations": [
            "Amamiya Estate"
        ],
        "synopsis": "With Makoto absent , Miku isn't doing well with the loud noises at the party — Ayane and Sana immediately agree to turn the music down. Ayane invites Miku to talk about her issues if she wants, but Miku would rather not. Miku accidentally lets Ayane and Sana know what happened with Sensei that morning.",
        "participating_characters": [
            "Miku Maruyama",
            "Sana Sakakibara",
            "Ayane Amamiya",
            "Molly MacCormack"
        ],
        "trivia": []
    },
    "technical_information": {
        "event_references": {
            "event_default_name": "Pry With a Smile",
            "event_script_names": "halloween13",
            "event_missed_name": "This event is not missable."
        },
        "backgrounds": [
            "halloweenloud"
        ],
        "music_tracks": [
            "soda.mp3"
        ],
        "changelog": [
            "This Event was added in Update 0.10p1."
        ]
    },
    "navigation": {
        "previous_event": "The Depressing Implication of Goosebumps",
        "next_event": "Kadrillionbilliontrillion",
        "prev_event": null
    }
}