{
    "event_id": "recap",
    "event_title": "Recap",
    "url": "https://www.lessonsinlove.wiki/index.php?title=Recap",
    "event_type": "Main Event",
    "primary_character": null,
    "chapter": "v0.44-0.18",
    "interactivity": {
        "requirements": "None",
        "to_get_this_event": "Autoplays after \" Restart \" . This event belongs to an event chain started from \" Rubik's Cube \" .",
        "to_miss_this_event": "This event is not missable.",
        "choices": [],
        "effects": []
    },
    "progression": {
        "locations": [
            "Amamiya Estate - Dojo"
        ],
        "synopsis": "As a continuation of Restart , this event pictures the consequences of SENSEI-QUEST . Here, Makoto and Sensei find themselves in alternative timeline and try to figure out a way to communicate with Ayane , who happened to be just near. In a while, Ami shows up, willing to help Sensei with another episode of panic attacks of his, which became obvious after the catastrophic turn of events. Here we observe yet another breakdown of Sensei's sanity. It gets much more mind-blowing after Ami calls Sensei her dad and Sekai shows up, alive and well. Moreover, the two realize the differences of the timeline they got into. In this variant of Kumon-mi, Sensei escaped to Kyoto with Sekai, and there they upbrought Ami as their daughter. Meaning, Maya was never found out by Sensei, so she is presumed to not exist. At the end, Sekai agrees to hear Sensei's and Makoto's story.",
        "participating_characters": [
            "Makoto Miyamura",
            "Ayane Amamiya",
            "Sensei",
            "Ami Arakawa",
            "Sekai Arakawa"
        ],
        "trivia": []
    },
    "technical_information": {
        "event_references": {
            "event_default_name": "Recap",
            "event_script_names": "halloweenfive9",
            "event_missed_name": "This event is not missable."
        },
        "backgrounds": [
            "continuingrestart"
        ],
        "music_tracks": [
            "letsfuckingo.mp3"
        ],
        "changelog": [
            "This Event was added in Update 0.45."
        ]
    },
    "navigation": {
        "previous_event": "Restart",
        "next_event": "Yellow Patch (Heaven in My Hands)"
    }
}