{
    "event_id": "record_breaker",
    "event_title": "Record Breaker",
    "url": "https://www.lessonsinlove.wiki/index.php?title=Record_Breaker",
    "event_type": "Main Event",
    "primary_character": null,
    "chapter": "v0.18.1",
    "interactivity": {
        "requirements": "You must be on at least Day  333  to unlock this Event. You must have seen or permanently missed the following Events: Seen Main Events up to \" War's End \"",
        "to_get_this_event": "Upon fulfilling all Requirements, this Event automatically occurs on the first weekday on or after Day 333.",
        "to_miss_this_event": "This event is not missable.",
        "choices": [],
        "effects": []
    },
    "progression": {
        "locations": [
            "School"
        ],
        "synopsis": "Ami shows Maya and Sensei her new uniform. After she has gone, Maya tells Sensei that another reset is coming. She says that it will be the first time a single \"iteration\" of Sensei has lasted long enough to see a third reset, and that if he wants to avoid non-existence, he should focus on staying who and where he is. Her suggestion of killing Noriko doesn't appeal to him, so she suggests that he \"just do things normally again\". She tells him that she will be waiting for him on the roof, just like always.",
        "participating_characters": [
            "Sensei",
            "Ami Arakawa",
            "Maya Makinami"
        ],
        "trivia": []
    },
    "technical_information": {
        "event_references": {
            "event_default_name": "Record Breaker",
            "event_script_names": "day333",
            "event_missed_name": "This event is not missable."
        },
        "backgrounds": [
            "aminewuniform"
        ],
        "music_tracks": [
            "normalday.mp3"
        ],
        "changelog": [
            "This Event was added in Update .18p2."
        ]
    },
    "navigation": {
        "previous_event": "War's End",
        "next_event": "Lesbian Stuff",
        "prev_event": null
    }
}