{
    "event_id": "remove_curse",
    "event_title": "Remove Curse",
    "url": "https://www.lessonsinlove.wiki/index.php?title=Remove_Curse",
    "event_type": "Main Event",
    "primary_character": null,
    "chapter": "v0.27.16",
    "interactivity": {
        "requirements": "None",
        "to_get_this_event": "Autoplays after \" Mating Season \" . This event belongs to an event chain started from \" A Walk Through Hell \" .",
        "to_miss_this_event": "This event is not missable.",
        "choices": [],
        "effects": [
            "+1 Second Floor"
        ]
    },
    "progression": {
        "locations": [
            "Sakaki-bar-a"
        ],
        "synopsis": "The girls not present at the Tsukioka Estate enjoy their downtime at Sara’s Bar. The group from the scavenger hunt arrives, announcing Kirin ’s victory to the rest of the group. Ami and Ayane lament their failure, seeking out Maya to learn about the maid contest's outcome. At the same time, Makoto verifies Kirin's victory before she starts heading home. Molly calls Tsuneyo over to discuss last night's standup routine. She questions why Tsuneyo would think it was okay to casually mention something so sensitive, especially when she just wants to put it behind her. Tsuneyo responds that, regardless of how Molly saw, it doesn't change the guilt and disgust she feels about not saving her - That she told the joke to feel like it wasn't just some incident only she knows about. Molly understands her protectiveness, but that she had no right to reveal it. The two apologize to each other, and promise to try and be more vocal with each other.",
        "participating_characters": [
            "Noriko Nakayama",
            "Kirin Kanda",
            "Ami Arakawa",
            "Ayane Amamiya",
            "Makoto Miyamura",
            "Maya Makinami",
            "Molly MacCormack",
            "Tsuneyo Tojo"
        ],
        "trivia": []
    },
    "technical_information": {
        "event_references": {
            "event_default_name": "Remove Curse",
            "event_script_names": "dormwartwo14",
            "event_missed_name": "This event is not missable."
        },
        "backgrounds": [
            "girlsreturntobar"
        ],
        "music_tracks": [
            "10c.mp3"
        ],
        "changelog": [
            "This Event was added in Update .27.0."
        ]
    },
    "navigation": {
        "previous_event": "Swimming With Sharks",
        "next_event": "The Cracking of the Egg (Nothing is Beautiful)",
        "prev_event": null
    }
}