{
    "event_id": "samhain",
    "event_title": "Samhain",
    "url": "https://www.lessonsinlove.wiki/index.php?title=Samhain",
    "event_type": "Main Event",
    "primary_character": null,
    "chapter": "v0.10.11",
    "interactivity": {
        "requirements": "None",
        "to_get_this_event": "Autoplays after \" At Least It's Not Christmas \" . This event belongs to an event chain started from \" The Value of Sharing \" .",
        "to_miss_this_event": "This event is not missable.",
        "choices": [],
        "effects": [
            "+3 Tsuneyo , Molly Affection"
        ]
    },
    "progression": {
        "locations": [
            "Amamiya Estate - Dojo",
            "Amamiya Estate - Garden"
        ],
        "synopsis": "Sensei talks to Molly and Tsuneyo at the Halloween party. After telling him about the Celtic festival of Samhain, Molly enlists Sensei's help in their planned raid on wherever Ayane 's father keeps the alcohol. As they sit in a courtyard with some beer, it occurs to Sensei that he doesn't know what will happen with Molly and Tsuneyo when the world resets, since they weren't in his class the first time. Tsuneyo is distressed to learn that she might have a new teacher and classmates soon. Molly tells him that, as their teacher, he should now give them some profound advice about life — he says something about life being a game where the point is to keep some lives saved up and be happy, which Molly and Tsuneyo find unexpectedly moving.",
        "participating_characters": [
            "Sensei",
            "Molly MacCormack",
            "Tsuneyo Tojo"
        ],
        "trivia": []
    },
    "technical_information": {
        "event_references": {
            "event_default_name": "Samhain",
            "event_script_names": "halloween10",
            "event_missed_name": "This event is not missable."
        },
        "backgrounds": [
            "samhain"
        ],
        "music_tracks": [
            "letsfuckingo.mp3",
            "samhain.mp3"
        ],
        "changelog": [
            "This Event was added in Update 0.10p1."
        ]
    },
    "navigation": {
        "previous_event": "At Least It's Not Christmas",
        "next_event": "Wicked Witch of Kumon-mi"
    }
}