{
    "event_id": "secret_ingredient",
    "event_title": "Secret Ingredient",
    "url": "https://www.lessonsinlove.wiki/index.php?title=Secret_Ingredient",
    "event_type": "Main Event",
    "primary_character": null,
    "chapter": "v0.4.7",
    "interactivity": {
        "requirements": "You must be on at least Day  80  to unlock this Event. You must have seen or permanently missed the following Events: Seen Main Events up to \" Weight Limit \"",
        "to_get_this_event": "Upon fulfilling all Requirements, this Event will occur automatically on the first weekend on or after Day 80.",
        "to_miss_this_event": "This event is not missable.",
        "choices": [],
        "effects": [
            "+1 Ayane , Sana , Ami , Maya Affection"
        ]
    },
    "progression": {
        "locations": [
            "Sensei's House"
        ],
        "synopsis": "Sensei patiently waits at the dining room table with Sana and Maya while Ami and Ayane are busy cooking up a frenzy - it's finally time for their cook-off . Maya complains about going to the movies with Ami, and this not being in her schedule, and Ami reassures her before returning to the competition. Ayane and Ami quickly turn to bickering amongst each other, to the others' slight bemusement. Sensei, Maya, and Sana have a short conversation about Sana's continued efforts to grow more comfortable around others, and Maya questions Sensei's wisdom on the topic - when Sana wonders why their dynamic seems to have shifted, Ami calls out from the kitchen to reassure her this is normal. Ayane brings a sampler of rice over, Maya critiquing her monologue, before serving her rice. After Ami in turn serves hers, Sana and Maya outvote Sensei, giving Ayane a 1-0 lead over Ami. Ayane unknowingly makes a mistake in the next round, however, when she serves spaghetti, which Sana has developed PTSD over , and when Ayane and Maya both ask why Sana has started crying, Sensei resolves to tell them what happened, only for Ami to cut in and drop off her second dish - a plate of omurice which she has spent the past two months practicing. Maya surprises Sensei when she votes for Ami's omurice along with himself and Sana, matching Ami and Ayane 1-1. Ayane tries to regain her lead and win the competition in the dessert round, but her emergency pick of an excessively large banana is beaten laughably easily by Ami's custom choices for everyone's dessert, including a watermelon that makes Maya freeze up in overjoyed shock, giving Ami the win in the end. Afterward, Ami cleans up the kitchen and leaves with the other girls, while Sensei gets up to go about his day.",
        "participating_characters": [
            "Sensei",
            "Ayane Amamiya",
            "Sana Sakakibara",
            "Ami Arakawa",
            "Maya Makinami",
            "Molly MacCormack"
        ],
        "trivia": [
            "This Event shows the appearance of another of Molly's cameos."
        ]
    },
    "technical_information": {
        "event_references": {
            "event_default_name": "Secret Ingredient",
            "event_script_names": "day80",
            "event_missed_name": "This event is not missable."
        },
        "backgrounds": [
            "showdown"
        ],
        "music_tracks": [
            "happyandplotting.mp3"
        ],
        "changelog": [
            "This Event was added in Update 0.4."
        ]
    },
    "navigation": {
        "previous_event": "Scientific Research",
        "next_event": "Parasite",
        "prev_event": null
    }
}