{
    "event_id": "seed_of_self_doubt",
    "event_title": "Seed of Self-Doubt",
    "url": "https://www.lessonsinlove.wiki/index.php?title=Seed_of_Self-Doubt",
    "event_type": "Main Event",
    "primary_character": null,
    "chapter": "v0.46Christmas 5.15",
    "interactivity": {
        "requirements": "None",
        "to_get_this_event": "This event plays automatically after \" The Meat in the Hole in the Wall in My Room \" .",
        "to_miss_this_event": "This event is not missable.",
        "choices": [],
        "effects": []
    },
    "progression": {
        "locations": [
            "Tsukioka Estate - Hallway",
            "Tsukioka Estate - Tsukasa's Bedroom",
            "Music Studio - Backstage"
        ],
        "synopsis": "Tsukasa stood in a hallway alone, recalling Sensei's pleasant words and facing a first emotional struggle in her life. Her thoughts were interrupted by Tsubasa , hurrying up to the business meeting after the lesson of obedience . The daughter confronts the mother about the lies she has been spewing, about her being an unwanted child. In turn, Tsubasa teaches Tsukasa some discipline and sends her to the bedroom. However the little girl is not depressed, she is determined, which is a good sign. Right then, at the far-distant place, Niki and Ami rest behind the scenes before the encore. Ami screams in fascination, like a true fan girl. On which, Niki invites Ami to enter the scene as well, so she could possibly get her own fans. Inevitably, Ami jumps on the topic of loving her father once again. Ami's unstoppable line of thought makes her spit out all she thinks about Sensei , about his relationship with Niki, and everything else. Niki patiently listens and doesn't let herself explode. In the end, Ami admits to never having loved Niki. Unexpectedly for Ami, Niki is not furious at all. She was able to ignore the despicable and unnatural details of Ami's speech and focus on the most important: what she could do to make both Sensei and Ami feel better. Despite everything, Niki still saw a seed of goodness inside Ami. But the little gremlin was enraged with the outcome of their talk, and rushed away to breathe air. Few seconds after, Niki is haunted by Sekai , but she can't believe it's real. Our pop-star ignores it and goes to the scene like nothing happened. Although, she was able to spot the spirit in a crowd, just for a moment...",
        "participating_characters": [
            "Tsukasa Tsukioka",
            "Tsubasa Tsukioka",
            "Ami Arakawa",
            "Niki Nakayama",
            "Sekai Arakawa"
        ],
        "trivia": []
    },
    "technical_information": {
        "event_references": {
            "event_default_name": "Seed of Self-Doubt",
            "event_script_names": "christmasfive6",
            "event_missed_name": "This event is not missable."
        },
        "backgrounds": [
            "christmasfivesix"
        ],
        "music_tracks": [
            "itsingsinitssleep.mp3",
            "tokimekilabyrinth.mp3",
            "kimitoakinobouken.mp3"
        ],
        "changelog": [
            "This Event was added in Update 0.46."
        ]
    },
    "navigation": {
        "previous_event": "The One With All the Sex Toys",
        "next_event": "Even Heaven"
    }
}