{
    "event_id": "self_esteem",
    "event_title": "Self-Esteem",
    "url": "https://www.lessonsinlove.wiki/index.php?title=Self-Esteem",
    "event_type": "Main Event",
    "primary_character": null,
    "chapter": "v0.1.10",
    "interactivity": {
        "requirements": "You must be on at least Day  14  to unlock this Event. You must have seen or permanently missed the following Events: Seen \" Impossible Blossoms \" from Futaba Fukuyama",
        "to_get_this_event": "Upon fulfilling all Requirements, this Event automatically occurs on the first weekday on or after Day 14.",
        "to_miss_this_event": "This event is not missable.",
        "choices": [],
        "effects": [
            "+1 Futaba Affection"
        ]
    },
    "progression": {
        "locations": [
            "Sensei's Office"
        ],
        "synopsis": "After Sensei finds out Yumi doesn't care about his presence when considering when and how to bully other people, he calls Yumi into his office to address her behavior, only to figure out she's not coming at all after more than thirty minutes have passed since the end of the final school bell, and Futaba knocks on the door instead. Sensei grants her permission to enter. Futaba immediately apologizes for the intrusion, but Sensei emphatically dismisses it as no concern since he now knows Yumi won't be coming, as Futaba had seen her leave the grounds. Futaba expresses concern over Yumi's continued actions, a sentiment which Sensei shares, not only concerned for Futaba's well-being, but secretly wondering how Yumi turned out to be the way she is. Futaba is shocked when Sensei begins dismissing Yumi as an immediate concern with abrasive language, but Sensei says to make nothing of it since the same treatment is what he's been receiving from Yumi since the very beginning, and he comments his concern of thinking the only way she'll learn is the hard way. Futaba begins to divulge to Sensei that she's not comfortable with her body, and wishes the other girls wouldn't have to jump to her defense so often, and Sensei begins to have an internal debate when he realizes that he isn't sure what he can say to assuage Futaba's concerns. Eventually, he decides to bulldoze the wall down, and gives Futaba a compliment about her appearance. She has difficulty accepting it, so he repeats himself, and explains that the implications don't matter, as opposed to helping Futaba become more self-confident. The two converse for a brief moment longer, but Futaba leaves the office, flustered, after Sensei makes a joke about offering in-house counseling and charging for certain services. His duties complete, Sensei also leaves the school to go about his evening.",
        "participating_characters": [
            "Sensei",
            "Futaba Fukuyama"
        ],
        "trivia": []
    },
    "technical_information": {
        "event_references": {
            "event_default_name": "Self-Esteem",
            "event_script_names": "day14",
            "event_missed_name": "This event is not missable."
        },
        "backgrounds": [
            "futabaoffice"
        ],
        "music_tracks": [
            "phantomthief.mp3"
        ],
        "changelog": [
            "This Event was added in Update 0.1."
        ]
    },
    "navigation": {
        "previous_event": "Mitochondria",
        "next_event": "Operation: Fallen Angel",
        "prev_event": null
    }
}