{
    "event_id": "slumber_party",
    "event_title": "Slumber Party",
    "url": "https://www.lessonsinlove.wiki/index.php?title=Slumber_Party",
    "event_type": "Main Event",
    "primary_character": null,
    "chapter": "v0.1.5",
    "interactivity": {
        "requirements": "You must be on at least Day  2  to unlock this Event.",
        "to_get_this_event": "This Event will occur automatically on or after Day 2. Autoplays after \" First (?) Day of School \" . This event is the final event in an event chain started from \" Every Day I Grow Some More \" .",
        "to_miss_this_event": "This event is not missable.",
        "choices": [],
        "effects": []
    },
    "progression": {
        "locations": [
            "Kumon-mi",
            "Sensei's House - Ami's Bedroom",
            "Sensei's House - Bathroom",
            "Sensei's House - Hallway"
        ],
        "synopsis": "After school has concluded for the day, Sensei arrives home and heads to the bathroom to take a shower, hoping for a relatively peaceful night. Meanwhile, Ami , Ayane , and Maya are having a sleepover in Ami's room, and discussing various topics, including Ayane's family fortune and love for Sensei - a topic Maya has absolutely no interest in contributing to. Later, as Maya asks to grab something to eat, Ayane leaves her and Ami to get Maya some food from the kitchen and use the restroom.",
        "participating_characters": [
            "Sensei",
            "Ayane Amamiya",
            "Maya Makinami",
            "Ami Arakawa"
        ],
        "trivia": [
            "This is the first time in the game a character other than Maya or the omniscient narrator breaks the fourth wall."
        ]
    },
    "technical_information": {
        "event_references": {
            "event_default_name": "Slumber Party",
            "event_script_names": "slumparty, afterbrscene",
            "event_missed_name": "This event is not missable."
        },
        "backgrounds": [
            "sleepover",
            "newchu"
        ],
        "music_tracks": [
            "streetnoise.mp3",
            "lifeismostlygood.mp3",
            "rapid.mp3"
        ],
        "changelog": [
            "This Event was added in Update 0.1."
        ]
    },
    "navigation": {
        "previous_event": "First (?) Day of School",
        "next_event": "The Devil Incarnate",
        "prev_event": null
    }
}