{
    "event_id": "so_many_voices",
    "event_title": "So Many Voices",
    "url": "https://www.lessonsinlove.wiki/index.php?title=So_Many_Voices",
    "event_type": "Main Event",
    "primary_character": null,
    "chapter": "v0.2.4",
    "interactivity": {
        "requirements": "You must be on at least Day  33  to unlock this Event.",
        "to_get_this_event": "This Event will occur automatically on or after Day 33.",
        "to_miss_this_event": "This event is not missable.",
        "choices": [],
        "effects": [
            "+1 Ami , Ayane , Maya Affection"
        ]
    },
    "progression": {
        "locations": [
            "Kumon-Mi High - Sports field",
            "Karaoke Bar"
        ],
        "synopsis": "Sensei , surprisingly enough, has been dragged by Ayane to karaoke night with Ami and Maya , to Ami's elation and Maya's disgust. Maya doesn't want him there at all, but she is unable due to there being food at the venue and due to Ami and Ayane immediately outvoting her. The three talk about what Sensei will be doing with them, and he says he'll let them  have their fun and hang back, not really interested in karaoke and not liking the sound of his own voice to boot. Sensei is surprised to find out through Maya's own disgust that she's actually a very good singer, and Ayane tries to defend him, only to be effortlessly rebuffed by Maya, who also states she would much rather eat than sing. Before entering the bar, Ami pulls Sensei aside to briefly explain karaoke etiquette to him to make sure he doesn't end up offending anyone. The two go in, where Ayane starts singing Despacito and has the song queued up another four times, and Ami explains that she and Maya just let Ayane get the energy out of her system before proceeding with their own selections. While Ayane continues to sing in the background, Ami and Sensei discuss the venue and Ayane's seemingly boundless energy and Sensei's surprise over Ayane's now-known ability to speak Spanish, something which Ami attributes to Ayane's butler likely having taught her.  Ami, no longer able to stand Ayane and motivated by Maya's desire to eat, grabs Maya and drags her out to grab something to eat, leaving Sensei to suffer Ayane's singing. The four eventually leave to head to bed for the night.",
        "participating_characters": [
            "Sensei",
            "Ami Arakawa",
            "Maya Makinami",
            "Ayane Amamiya"
        ],
        "trivia": [
            "\"IT’S CALLED “DESPACITO” AND I THINK YOU’RE ALL GOING TO LOVE IT\"",
            "\"All I know is Despacito\" .cit Sensei",
            "The usage of 'Despacito' in this Event is likely a callback to the fact that Despacito, according to YouTube video views, was the most popular song in the world at the time of v0.2 - a fact which still holds true, as Despacito remains the most-viewed official music video, with 7.93 billion views as of 07 August 2022. 7.989.297.776 20 October 2022",
            "7.989.297.776 20 October 2022"
        ]
    },
    "technical_information": {
        "event_references": {
            "event_default_name": "So Many Voices",
            "event_script_names": "day33",
            "event_missed_name": "This event is not missable."
        },
        "backgrounds": [
            "newdespacito",
            "karaoke"
        ],
        "music_tracks": [
            "justbehappy.mp3",
            "letsfuckingo.mp3"
        ],
        "changelog": [
            "This Event was added in Update 0.2."
        ]
    },
    "navigation": {
        "previous_event": "Drowning",
        "next_event": "Cleaning Duty",
        "prev_event": null
    }
}