{
    "event_id": "sod_in_the_seedbed",
    "event_title": "Sod in the Seedbed",
    "url": "https://www.lessonsinlove.wiki/index.php?title=Sod_in_the_Seedbed",
    "event_type": "Main Event",
    "primary_character": null,
    "chapter": "v0.42(Spring Beach Trip).3",
    "interactivity": {
        "requirements": "None",
        "to_get_this_event": "Autoplays after \" Operation: Sleepytime \" . This event belongs to an event chain started from \" Doomsayer \" .",
        "to_miss_this_event": "This event is not missable.",
        "choices": [],
        "effects": []
    },
    "progression": {
        "locations": [
            "Beach"
        ],
        "synopsis": "Tsuneyo and Miku have a conversation that ranges from the meaning of life to Virginia.\nThe narrator then talks about Tsuneyos masturbation habits and how special she is. She gets referred to as a cottontail, a girl born when a greater and a lesser power mate, who is closer to god than other people. The narration gets abruptly interrupted and the reader gets prompted to disregard the previous information. The Event gets recalibrated, which causes Tsuneyo and Miku to experience something weird. They can’t remember their previous conversation and talk about something else. If the player chose to trade Nudes, Rin confronts Otoha about the picture. Otoha seems to be genuinely sorry. Otoha also admits that she had a crush on someone else during their relationship but accuses Rin of doing the same thing. After the conversation, Rin is still pissed but all in all, it went over pretty well.",
        "participating_characters": [
            "Tsuneyo Tojo",
            "Miku Maruyama",
            "Otoha Okakura",
            "Rin Rokuhara"
        ],
        "trivia": [
            "The conversation between Otoha and Rin only occurs if the player chose \"Sending it now\" in \"",
            "\""
        ]
    },
    "technical_information": {
        "event_references": {
            "event_default_name": "Sod in the Seedbed",
            "event_script_names": "beachfive5, beachfive5pt2 (Otoha and Rin)",
            "event_missed_name": "This event is not missable."
        },
        "backgrounds": [
            "mikutsuneyobeach"
        ],
        "music_tracks": [
            "ame.mp3"
        ],
        "changelog": [
            "This Event was added in Update .42.0."
        ]
    },
    "navigation": {
        "previous_event": "Operation: Sleepytime",
        "next_event": "Recycling"
    }
}