{
    "event_id": "sonny_boy_the_magnificent_waiting_room",
    "event_title": "Sonny Boy & The Magnificent Waiting Room",
    "url": "https://www.lessonsinlove.wiki/index.php?title=Sonny_Boy_%26_The_Magnificent_Waiting_Room",
    "event_type": "Main Event",
    "primary_character": null,
    "chapter": "v0.44-0.33",
    "interactivity": {
        "requirements": "None",
        "to_get_this_event": "Autoplays after \" God of Light \" . This event belongs to an event chain started from \" Recap \" .",
        "to_miss_this_event": "This event is not missable.",
        "choices": [],
        "effects": []
    },
    "progression": {
        "locations": [
            "Oceanic Branch Office - Waiting Room"
        ],
        "synopsis": "Finding himself in yet another weird space, Sensei wants to know what's going on, and a voice informs him that he's in the waiting room of the Oceanic Branch Office as he has an appointment there. He doesn't recall making any appointments, but then realizes he also doesn't remember a tragic event that occurred recently. He's informed that all \"unvaluable memories\" were temporarily removed and will be returned once his appointment is over, and while Sensei tries to ask them to keep those memories for good, his request is denied. He then wants to know what trial awaits him this time, but the voice reiterates that this is a waiting room, meaning he only has to wait until his number is called and check his identity with the receptionist – Only problem is, he never received one and also doesn't get one when he asks. After writing his lack of a number off as another example of the poor state of bureaucratic processes, Sensei decides to interact with the other people in the waiting room to pass the time.",
        "participating_characters": [
            "Sensei"
        ],
        "trivia": [
            "If you took the shampoo in",
            "you won't be able to take the outfit for",
            "'s profile"
        ]
    },
    "technical_information": {
        "event_references": {
            "event_default_name": "Sonny Boy & The Magnificent Waiting Room",
            "event_script_names": "halloweenfive16",
            "event_missed_name": "This event is not missable."
        },
        "backgrounds": [
            "poolparty"
        ],
        "music_tracks": [
            "poolparty.mp3"
        ],
        "changelog": [
            "This Event was added in Update 0.45."
        ]
    },
    "navigation": {
        "previous_event": "God of Light",
        "next_event": "What We'll See When We Get There",
        "prev_event": null
    }
}