{
    "event_id": "summer_and_winter",
    "event_title": "Summer and Winter",
    "url": "https://www.lessonsinlove.wiki/index.php?title=Summer_and_Winter",
    "event_type": "Main Event",
    "primary_character": null,
    "chapter": "v0.8.9",
    "interactivity": {
        "requirements": "None",
        "to_get_this_event": "Autoplays after \" The Legacy of Thaum Pt. I \" . This event belongs to an event chain started from \" What's Done is Done \" .",
        "to_miss_this_event": "This event is not missable.",
        "choices": [],
        "effects": [
            "+1 Sana Affection"
        ]
    },
    "progression": {
        "locations": [
            "Beach"
        ],
        "synopsis": "Sensei finds himself unable to fall asleep and decides to take a walk. After comparing his situation with being on a ship which he decided to abandon, he contemplates the irrational behavior of captains going down with their ships. As he walks along the shoreline, he finds Sana sitting near the waves and gazing at the stars. She notices his presence after a while and wonders why he isn’t asleep yet. Like her, he couldn’t sleep with the sound of waves in the background and asks her if he can stay and talk with her, which she agrees to. She apologizes for leaving the inn at night, but assumes that he’s fine with that, which he confirms. She tells him that Sara is just like him in that regard and recalls an event of her past where Sara accidentally forgot her in a grocery store and how she was sorry for leaving her behind once she returned. As a result, she feels confident that she won’t get lost in a grocery store anymore. Sensei thinks that it would be embarrassing for her to get lost at her age, but she informs him that other people consider her to be younger than she is due to her short height. While she doesn’t want to talk about her height, Sensei does it anyway and claims that he wants to get her a present, but she heard a lot from Ayane and doubts the sincerity of his intentions. She noticed that his behavior around Ayanae doesn’t match the behavior she knows from him and wants to know why. Sensei has an inner monologue about how people change their behavior to adapt to the personality of the people they interact with before telling her that Ayane is closer to him than her and, therefore, he treats Ayane in a more more intimate way. She thinks that Ayane will be glad to hear that and tells him about how Ayane entered her life when she was going trough a very dark time of her life. She also mentions how she was more talkative at the time, which she thought was the reason why Sara abandoned her at the grocery store, but when Sensei plans to ask Sara about it, she begs him to not do it, being more embarrassed by it than she wanted to be. As a gust of wind breezes by, Sensei sees both of her eyes for a moment and notices some kind of emptiness reflecting from them. Sana notices the change of the season and is happy that winter is around the corner. Sensei notices that they should have fall first, but Sana informs him that only summer and winter exist now, making him wonder how that works. The ending of the event depends on whether Sensei slept in Ayane’s bed during Still Young .",
        "participating_characters": [
            "Sensei",
            "Sana Sakakibara"
        ],
        "trivia": [
            "There is variation in the dialogue depending on if Sensei saw A Woman's Heart : Sana will note that her mother and he are getting closer and while she’s worried that they start dating and doing more adult stuff, she’s more worried about Ayane. She explains Ayane fears that him seeing a women like Sara would make him forget about her. Sana thinks he’s better than that, but he admits to himself that he isn’t.",
            "Sana will note that her mother and he are getting closer and while she’s worried that they start dating and doing more adult stuff, she’s more worried about Ayane. She explains Ayane fears that him seeing a women like Sara would make him forget about her. Sana thinks he’s better than that, but he admits to himself that he isn’t."
        ]
    },
    "technical_information": {
        "event_references": {
            "event_default_name": "Summer and Winter",
            "event_script_names": "beachvacation9",
            "event_missed_name": "This event is not missable."
        },
        "backgrounds": [
            "sanaatnight"
        ],
        "music_tracks": [
            "thesleepingcity.mp3"
        ],
        "changelog": [
            "This Event was added in Update 0.8."
        ]
    },
    "navigation": {
        "previous_event": "The Legacy of Thaum Pt. I",
        "next_event": "Where Puppies Roam Free",
        "prev_event": null
    }
}