{
    "event_id": "super_secret_sex_dungeon",
    "event_title": "Super Secret Sex Dungeon",
    "url": "https://www.lessonsinlove.wiki/index.php?title=Super_Secret_Sex_Dungeon",
    "event_type": "Main Event",
    "primary_character": null,
    "chapter": "v0.1.7",
    "interactivity": {
        "requirements": "You must be on at least Day  7  to unlock this Event.",
        "to_get_this_event": "This Event will occur automatically on or after Day 7.",
        "to_miss_this_event": "This event is not missable.",
        "choices": [],
        "effects": []
    },
    "progression": {
        "locations": [
            "Hallways",
            "Gymnasium"
        ],
        "synopsis": "When Ayane starts following him around the school, Sensei tells her that she's supposed to be in the gym. To his surprise, she tells him that he is supposed to be there too. After a short conversation which goes through several tangents, the two make their way to the gym after Sensei assuages Ayane's concern that she won't be the main item of his attention during. In the gym, Yumi , Chika , and Futaba are sitting against one of the walls, Yumi complaining about Sensei's sudden and relative disappearance from the period. Chika tries to calm Yumi down and point out her hypocrisy, only for Yumi to briefly turn her ire onto Chika instead. Yumi then turns and begins insulting Futaba - also slipping a backhanded insult at Rin into the dialogue - and Chika abandons any pretense of friendliness to bluntly call Yumi out on her behavior. After a particularly degrading comment regarding Sensei and Futaba and then another jab at Futaba's weight, she and Chika get up to find Sensei and leave Yumi to fume on her own. Afterward, Chika tells Sensei the situation, and he takes Futaba to the nurse's office to calm down.",
        "participating_characters": [
            "Sensei",
            "Ayane Amamiya",
            "Chika Chosokabe",
            "Yumi Yamaguchi",
            "Futaba Fukuyama"
        ],
        "trivia": []
    },
    "technical_information": {
        "event_references": {
            "event_default_name": "Super Secret Sex Dungeon",
            "event_script_names": "day7",
            "event_missed_name": "This event is not missable."
        },
        "backgrounds": [
            "newgymbullyredux",
            "gymbully"
        ],
        "music_tracks": [
            "10c.mp3"
        ],
        "changelog": [
            "This Event was added in Update 0.1."
        ]
    },
    "navigation": {
        "previous_event": "The Devil Incarnate",
        "next_event": "Delinquent",
        "prev_event": null
    }
}