{
    "event_id": "the_price_of_experience",
    "event_title": "The Price of Experience",
    "url": "https://www.lessonsinlove.wiki/index.php?title=The_Price_of_Experience",
    "event_type": "Main Event",
    "primary_character": null,
    "chapter": "v0.18.1",
    "interactivity": {
        "requirements": "Saturday You must be on at least Day  344  to unlock this Event. You must have seen or permanently missed the following Events: Seen Main Events up to \" Mana Transfer \" Seen \" Best Friends Forever \" from Ami Arakawa",
        "to_get_this_event": "Upon fulfilling all Requirements, this Event automatically occurs on the first Saturday night on or after Day 344.",
        "to_miss_this_event": "This event is not missable.",
        "choices": [],
        "effects": []
    },
    "progression": {
        "locations": [
            "Sensei's House - Ami's Bedroom",
            "Sensei's House - Kitchen"
        ],
        "synopsis": "Sensei receives a text message from Ami and, due to it’s vagueness, calls her immediately. He learns that she’s at his house with some friends, which reminds him that there was a slumber party today, and she asks him if he can buy some snacks on his way back, hanging up before he can answer. While he makes his way to a convenience store, he can’t buy anything since he’s broke. He returns home and tells everyone who’s there – Ami, Sana , Molly and Tsuneyo - the bad news. He’s surprised to see that only four of them are here, but the girls explain that the other members of the manga club had plans and Ayane wasn’t feeling well, despite her promising that she would stop doing this . After a discussion about video games, Ami requests that Sensei cooks them dinner to make up for failing to bring them snacks, but since he never cooked before, Tsuneyo volunteers to prepare something instead. He accompanies her to show where they store everything. While he watches her, he notices how impressive Tsuneyo is. While Tsuneyo looks over the ingredients she has available, they start to talk about her father and how Sensei thinks that he was imprisoning her, while she sees his actions as signs affection, believing that being locked away forever in exchange for staying alive is a fair trade. She tries to make him understand her point of view by asking if he would lock up Ami forever if it would keep her alive, but Sensei doesn’t have an answer. Tsuneyo admits that she would’ve accepted this fate, but is still glad that she got the opportunity to leave. Both share a moment of silence until Sensei receives a phone call from Ayane.",
        "participating_characters": [
            "Sensei",
            "Ami Arakawa",
            "Molly MacCormack",
            "Sana Sakakibara",
            "Tsuneyo Tojo"
        ],
        "trivia": [
            "If Sensei does not have at least 15 Ami Lust , triggering this Event will fail As Light as Air !"
        ]
    },
    "technical_information": {
        "event_references": {
            "event_default_name": "The Price of Experience",
            "event_script_names": "day344",
            "event_missed_name": "This event is not missable."
        },
        "backgrounds": [
            "mollyslumber"
        ],
        "music_tracks": [
            "wewereangels.mp3",
            "phonering.mp3"
        ],
        "changelog": [
            "This Event was added in Update .18p2."
        ]
    },
    "navigation": {
        "previous_event": "Mana Transfer",
        "next_event": "Word of the Day",
        "prev_event": null
    }
}