{
    "event_id": "the_legacy_of_thaum_pt_vi_thought_mirror",
    "event_title": "The Legacy of Thaum Pt. VI: Thought Mirror",
    "url": "https://www.lessonsinlove.wiki/index.php?title=The_Legacy_of_Thaum_Pt._VI:_Thought_Mirror",
    "event_type": "Main Event",
    "primary_character": null,
    "chapter": "v0.46Christmas 5.5",
    "interactivity": {
        "requirements": "None",
        "to_get_this_event": "This event plays automatically after \" Caught in the Crossfire \" .",
        "to_miss_this_event": "This event is not missable.",
        "choices": [],
        "effects": []
    },
    "progression": {
        "locations": [
            "School Dorms - Room 6"
        ],
        "synopsis": "...Meanwhile, yet another session of Dungeons & Dragons campaign begins. This time without Ami and Maya , whose absence was explained in the plot. Nithhala is seemingly exhausted with the new boss-fight featured on the Christmas Eve, and the efforts of Ram , Zagull and Xessaxia have no results at all. Soon enough, Lidearel gets back from Sensei's house, and her participation was just what the party required for a boss to be defeated.",
        "participating_characters": [
            "Molly MacCormack",
            "Rin Rokuhara",
            "Futaba Fukuyama",
            "Sana Sakakibara",
            "Tsuneyo Tojo",
            "Ayane Amamiya"
        ],
        "trivia": []
    },
    "technical_information": {
        "event_references": {
            "event_default_name": "The Legacy of Thaum Pt. VI: Thought Mirror",
            "event_script_names": "christmasfive3",
            "event_missed_name": "This event is not missable."
        },
        "backgrounds": [
            "mroomdnd"
        ],
        "music_tracks": [
            "breeze.mp3"
        ],
        "changelog": [
            "This Event was added in Update 0.46."
        ]
    },
    "navigation": {
        "previous_event": "Caught in the Crossfire",
        "next_event": "DON'T TALK TO MONKS"
    }
}