{
    "event_id": "the_meat_has_come",
    "event_title": "The Meat has Come",
    "url": "https://www.lessonsinlove.wiki/index.php?title=The_Meat_has_Come",
    "event_type": "Main Event",
    "primary_character": null,
    "chapter": "v0.10.3",
    "interactivity": {
        "requirements": "None",
        "to_get_this_event": "Autoplays after \" Guest of Honor \" . This event belongs to an event chain started from \" The Value of Sharing \" .",
        "to_miss_this_event": "This event is not missable.",
        "choices": [],
        "effects": []
    },
    "progression": {
        "locations": [
            "Kumon-Mi"
        ],
        "synopsis": "Wandering around the city, Sensei meets Rin and Futaba at a bistro. They have been working on Halloween costumes, and ask if Sensei is also planning to dress up — he says no. As usual, Kaori turns out to be the waitress, and Rin and Futaba are surprised to learn that Sensei went on a \"date\" with her. Kaori mentions that their relationship involves her handling his \"meat\", but the resulting misunderstanding is eventually cleared up. Sensei hits on the idea of asking Kaori to tend the bar at the Halloween drinks Sara mentioned . Kaori agrees, but wants Sensei to go for a walk with her when she gets off work.",
        "participating_characters": [
            "Sensei",
            "Rin Rokuhara",
            "Futaba Fukuyama",
            "Kaori Kadowaki"
        ],
        "trivia": []
    },
    "technical_information": {
        "event_references": {
            "event_default_name": "The Meat has Come",
            "event_script_names": "halloween3",
            "event_missed_name": "This event is not missable."
        },
        "backgrounds": [
            "rinfutababistro"
        ],
        "music_tracks": [
            "normalday.mp3"
        ],
        "changelog": [
            "This Event was added in Update 0.10p1."
        ]
    },
    "navigation": {
        "previous_event": "Guest of Honor",
        "next_event": "Mysterious Abundance of Chickens",
        "prev_event": null
    }
}