{
    "event_id": "the_depressing_implication_of_goosebumps",
    "event_title": "The Depressing Implication of Goosebumps",
    "url": "https://www.lessonsinlove.wiki/index.php?title=The_Depressing_Implication_of_Goosebumps",
    "event_type": "Main Event",
    "primary_character": null,
    "chapter": "v0.10.13",
    "interactivity": {
        "requirements": "None",
        "to_get_this_event": "Autoplays after \" Wicked Witch of Kumon-mi \" . This event belongs to an event chain started from \" The Value of Sharing \" .",
        "to_miss_this_event": "This event is not missable.",
        "choices": [],
        "effects": []
    },
    "progression": {
        "locations": [
            "Amamiya Estate"
        ],
        "synopsis": "While Sensei is busy with Makoto , Rin goes to talk to Chika . They compliment each other's costumes, and Rin is clearly not fully over Chika. Chika has persuaded Yumi to come to the party, albeit without a costume. Rin asks if Chika knows the reasons for Yumi behavior towards Futaba , but she doesn't. Yumi arrives, and the three have an awkward conversation. Rin starts to tease Yumi a bit about having a \"cute side\", and Yumi goes off to look for food.",
        "participating_characters": [
            "Chika Chosokabe",
            "Rin Rokuhara",
            "Yumi Yamaguchi"
        ],
        "trivia": []
    },
    "technical_information": {
        "event_references": {
            "event_default_name": "The Depressing Implication of Goosebumps",
            "event_script_names": "halloween12",
            "event_missed_name": "This event is not missable."
        },
        "backgrounds": [
            "halloweentrio"
        ],
        "music_tracks": [
            "soda.mp3"
        ],
        "changelog": [
            "This Event was added in Update 0.10p1."
        ]
    },
    "navigation": {
        "previous_event": "Wicked Witch of Kumon-mi",
        "next_event": "Pry With a Smile",
        "prev_event": null
    }
}