{
    "event_id": "the_cracking_of_the_egg_nothing_is_beautiful_",
    "event_title": "The Cracking of the Egg (Nothing is Beautiful)",
    "url": "https://www.lessonsinlove.wiki/index.php?title=The_Cracking_of_the_Egg_(Nothing_is_Beautiful)",
    "event_type": "Main Event",
    "primary_character": null,
    "chapter": "v0.27.17",
    "interactivity": {
        "requirements": "None",
        "to_get_this_event": "Autoplays after \" Remove Curse \" . This event belongs to an event chain started from \" A Walk Through Hell \" .",
        "to_miss_this_event": "This event is not missable.",
        "choices": [],
        "effects": [
            "+1 Floor Two"
        ]
    },
    "progression": {
        "locations": [
            "New Hope Cathedral"
        ],
        "synopsis": "The next contest is set to take place at New Hope Church. The group is much smaller than the previous ones, due to Yasu 's insistence. As they reach the steps of the church, Yasu stops them all, and further segments the group, stating only she, Sensei , Sana , and Rin can head inside, claiming it to be her God's decision. Otoha tries to protest but relents after Touka insists they honor her wishes. Inside the church, the contest starts, with Rin gaining a clear lead over Yasu, mostly due to her lack of confidence in the answers she’s ‘receiving’. This loop continues, Yasu providing increasingly vague excuses for why she can't answer. Rin also struggles as the questions ramp up in difficulty. Once the girls are asked about the name of Sensei's mother, Rin finally fails to find an answer. Yasu answers perfectly.",
        "participating_characters": [
            "Sensei",
            "Yasu Yasui",
            "Otoha Okakura",
            "Touka Tsukioka",
            "Rin Rokuhara",
            "Sana Sakakibara",
            "Imani Imai"
        ],
        "trivia": [
            "The scene in which Saki speaks atop glitched out images is not viewable in the Event Viewer.",
            "The glitched woman is Anima from School For The Friendless, another visual novel that is also referenced on Sensei's laptop."
        ]
    },
    "technical_information": {
        "event_references": {
            "event_default_name": "The Cracking of the Egg (Nothing is Beautiful)",
            "event_script_names": "dormwartwo15",
            "event_missed_name": "This event is not missable."
        },
        "backgrounds": [
            "testofsenseiofsenseiof"
        ],
        "music_tracks": [
            "newhope.mp3"
        ],
        "changelog": [
            "This Event was added in Update .27.0."
        ]
    },
    "navigation": {
        "previous_event": "Remove Curse",
        "next_event": "World of Lines",
        "prev_event": null
    }
}