{
    "event_id": "the_one_with_all_the_sex_toys",
    "event_title": "The One With All the Sex Toys",
    "url": "https://www.lessonsinlove.wiki/index.php?title=The_One_With_All_the_Sex_Toys",
    "event_type": "Main Event",
    "primary_character": null,
    "chapter": "v0.46Christmas 5.11",
    "interactivity": {
        "requirements": "None",
        "to_get_this_event": "This event plays automatically after \" A Part of Your World \" .",
        "to_miss_this_event": "This event is not missable.",
        "choices": [],
        "effects": []
    },
    "progression": {
        "locations": [
            "Tsukioka Estate - The Golden Hall"
        ],
        "synopsis": "Miku in suspiciously intelligent manner suggests Makoto to apply her for a job in the porn shop, on which they dispute for a reasonable amount of time. Meanwhile, Futaba , Rin , Ayane , Nodoka and Sana discuss women's tricks and the ways of maintaining strong sexual health. They jump on talking about Futaba's sex life, and quickly spot Sensei , standing in the corner and speaking with a snowman. The girls continue to spur Futaba to flirt with Sensei, which was successful in the end...",
        "participating_characters": [
            "Miku Maruyama",
            "Makoto Miyamura",
            "Rin Rokuhara",
            "Futaba Fukuyama",
            "Ayane Amamiya",
            "Nodoka Nagasawa",
            "Sana Sakakibara",
            "Sensei"
        ],
        "trivia": []
    },
    "technical_information": {
        "event_references": {
            "event_default_name": "The One With All the Sex Toys",
            "event_script_names": "christmasfive5",
            "event_missed_name": "This event is not missable."
        },
        "backgrounds": [
            "mikuwantsporn"
        ],
        "music_tracks": [
            "christmasyay.mp3"
        ],
        "changelog": [
            "This Event was added in Update 0.46."
        ]
    },
    "navigation": {
        "previous_event": "DON'T TALK TO MONKS",
        "next_event": "Seed of Self-Doubt"
    }
}