{
    "event_id": "three_girls_in_a_line_on_the_beach",
    "event_title": "Three Girls in a Line on the Beach",
    "url": "https://www.lessonsinlove.wiki/index.php?title=Three_Girls_in_a_Line_on_the_Beach",
    "event_type": "Main Event",
    "primary_character": null,
    "chapter": "v0.8.6",
    "interactivity": {
        "requirements": "None",
        "to_get_this_event": "Autoplays after \" Behind a Bathroom, Under the Blazing Sun \" . This event belongs to an event chain started from \" What's Done is Done \" .",
        "to_miss_this_event": "This event is not missable.",
        "choices": [],
        "effects": []
    },
    "progression": {
        "locations": [
            "Beach"
        ],
        "synopsis": "Rin and Futaba attempt to become more friendly with Yumi and she, of course, shuts them down in an over the top manner.",
        "participating_characters": [
            "Rin Rokuhara",
            "Futaba Fukuyama",
            "Yumi Yamaguchi"
        ],
        "trivia": []
    },
    "technical_information": {
        "event_references": {
            "event_default_name": "Three Girls in a Line on the Beach",
            "event_script_names": "beachvacation6",
            "event_missed_name": "This event is not missable."
        },
        "backgrounds": [
            "yumisits"
        ],
        "music_tracks": [
            "soda.mp3"
        ],
        "changelog": [
            "This Event was added in Update 0.8."
        ]
    },
    "navigation": {
        "previous_event": "Behind a Bathroom, Under the Blazing Sun",
        "next_event": "The Moon is Beautiful"
    }
}