{
    "event_id": "to_the_future_with_a_smile",
    "event_title": "To the Future With a Smile",
    "url": "https://www.lessonsinlove.wiki/index.php?title=To_the_Future_With_a_Smile",
    "event_type": "Main Event",
    "primary_character": null,
    "chapter": "v0.28.17",
    "interactivity": {
        "requirements": "None",
        "to_get_this_event": "Autoplays after \" On The Fence \" . This event belongs to an event chain started from \" Walk Into The Water \" .",
        "to_miss_this_event": "This event is not missable.",
        "choices": [],
        "effects": []
    },
    "progression": {
        "locations": [
            "Backstage"
        ],
        "synopsis": "Niki, backstage at her Christmas concert, angrily struggles with changing into her second outfit for the night. Otoha walks in, delivering her tea, and is immediately roped into Niki’s backstage tantrum, complaining about the outfit and having to put on a Christmas concert instead of hanging out with Sensei . Otoha sighs and helps her with her costume change. As Niki washes her sweat off, Otoha tells her she’s lucky she showed up, because otherwise, she’d be struggling alone. Niki thanks her for canceling her Christmas date, to which Otoha admits she didn’t have one planned as Rin and her have been fighting. This doesn’t surprise Niki at all, as the two of them are almost always fighting, but she sits Otoha down to give her some advice. Otoha is reluctant to vent to Niki about something so insignificant to her, but Niki reminds her that she respects her enough to want the best for her regardless of what it is. She continues, saying that Otoha’s own inaction and dishonesty make her too similar to Sensei. Even if Otoha doesn't feel the same way as Rin, Niki says she at least deserves the honesty. As Niki tries to push Otoha to go speak to Rin, Otoha misreads the situation and the two awkwardly say goodbye as Niki is called on stage.",
        "participating_characters": [
            "Niki Nakayama",
            "Otoha Okakura"
        ],
        "trivia": []
    },
    "technical_information": {
        "event_references": {
            "event_default_name": "To the Future With a Smile",
            "event_script_names": "beachmas15",
            "event_missed_name": "This event is not missable."
        },
        "backgrounds": [
            "nikiotohaxmas"
        ],
        "music_tracks": [
            "tokimekilabyrinth.mp3"
        ],
        "changelog": [
            "This Event was added in Update .28.0."
        ]
    },
    "navigation": {
        "previous_event": "On The Fence",
        "next_event": "Neverender",
        "prev_event": null
    }
}