{
    "event_id": "tradition",
    "event_title": "Tradition",
    "url": "https://www.lessonsinlove.wiki/index.php?title=Tradition",
    "event_type": "Main Event",
    "primary_character": null,
    "chapter": "v0.11.4",
    "interactivity": {
        "requirements": "Thursday You must be on at least Day  217  to unlock this Event. You must have seen or permanently missed the following Events: Seen Main Events up to \" Happy Places \"",
        "to_get_this_event": "Upon fulfilling all Requirements, this Event automatically occurs on the first Thursday on or after Day 217.",
        "to_miss_this_event": "This event is not missable.",
        "choices": [],
        "effects": [
            "+1 Maya Affection"
        ]
    },
    "progression": {
        "locations": [
            "Karaoke Bar"
        ],
        "synopsis": "It's karaoke night again, and while Ayane sings with a reluctant Ami , Sensei talks to Maya outside. Following his failure to get through to Makoto , Sensei now wants to ask Maya whether there's anything strange about the school rooftop. She says that she just goes there to reset the world out of habit, but does wonder if Makoto could have seen something up there. Maya says that Makoto may go back to normal at the upcoming reset. She also says that severe personality changes like Makoto's are not unprecedented, although they are rare for people other than Sensei.",
        "participating_characters": [
            "Sensei",
            "Maya Makinami",
            "Ami Arakawa",
            "Ayane Amamiya"
        ],
        "trivia": []
    },
    "technical_information": {
        "event_references": {
            "event_default_name": "Tradition",
            "event_script_names": "day217",
            "event_missed_name": "This event is not missable."
        },
        "backgrounds": [
            "despacitotwo"
        ],
        "music_tracks": [
            "happyandplotting.mp3"
        ],
        "changelog": [
            "This Event was added in Update 0.11."
        ]
    },
    "navigation": {
        "previous_event": "Happy Places",
        "next_event": "Stray Cat",
        "prev_event": null
    }
}