{
    "event_id": "try_try_try_",
    "event_title": "Try. Try. Try.",
    "url": "https://www.lessonsinlove.wiki/index.php?title=Try._Try._Try.",
    "event_type": "Main Event",
    "primary_character": null,
    "chapter": "v0.19.19",
    "interactivity": {
        "requirements": "None",
        "to_get_this_event": "Autoplays after \" Pluto Was Never Really a Planet \" . This event belongs to an event chain started from \" Good Morning \" .",
        "to_miss_this_event": "This event is not missable.",
        "choices": [],
        "effects": []
    },
    "progression": {
        "locations": [
            "Beach"
        ],
        "synopsis": "The world is strange again. Tsuneyo wonders if Sensei is drunk, and they talk about perception and memories. Tsuneyo doesn't see the mysterious shadowy figure beside her, and says that he doesn't see the ones beside him. Rin meets Otoha on the beach, and awkwardly makes her love confession (which Otoha knew was coming). To Rin's surprise, Otoha accepts. Otoha says that, unlike Rin, she took some time to figure out how she felt, and that Rin's haste made Otoha uncertain as to how real Rin's feelings were. Otoha still isn't sure that either of them know what they are doing, but is willing to try if Rin promises that it’ll be only her.",
        "participating_characters": [
            "Sensei",
            "Tsuneyo Tojo",
            "Rin Rokuhara",
            "Otoha Okakura"
        ],
        "trivia": []
    },
    "technical_information": {
        "event_references": {
            "event_default_name": "Try. Try. Try.",
            "event_script_names": "secondbeach16",
            "event_missed_name": "This event is not missable."
        },
        "backgrounds": [
            "tryagain"
        ],
        "music_tracks": [
            "beginningoftheend.mp3",
            "gentle.mp3",
            "kimitoakinobouken.mp3",
            "goodnight.mp3"
        ],
        "changelog": [
            "This Event was added in Update .19p2."
        ]
    },
    "navigation": {
        "previous_event": "Pluto Was Never Really a Planet",
        "next_event": "Goodnight",
        "prev_event": null
    }
}