{
    "event_id": "us",
    "event_title": "Us",
    "url": "https://www.lessonsinlove.wiki/index.php?title=Us",
    "event_type": "Main Event",
    "primary_character": null,
    "chapter": "v0.17.15",
    "interactivity": {
        "requirements": "None",
        "to_get_this_event": "Autoplays after \" The Legacy of Thaum Pt. Z: Alentha Amastacia \" . This event belongs to an event chain started from \" Operation: Firestarter \" .",
        "to_miss_this_event": "This event is not missable.",
        "choices": [],
        "effects": [
            "+1 First Floor"
        ]
    },
    "progression": {
        "locations": [
            "Chosokabe Flat"
        ],
        "synopsis": "Outside Chika 's flat, Uta tries to interview Yumi to figure out if Chika has a chance of winning, and Yumi answers her question by stating that Chika will use her pathetic living conditions to her advantage and win that way. When Sensei arrives, he assumes there is no contest and that Chika just wants to spend time with him, but Chinami 's presence proves him wrong. He then learns that him being at her home is part of their contest to see who can throw him the best date, and Chika, since she lacks the money to do anything lavish, decided to use what little she has to show him how much she appreciates him. She calls in Chinami, who does her best to fulfill her role as a waitress and asks them to take place at their table on the balcony while she prepares their dish – Mild instant curry. On the balcony, Sensei notices a table and chairs he hasn't seen before, an Chika informs him that she got them with Yumi before the date started and she wants to use them on further dates so she can repay him for everything he's done for her. As he takes his seat, Sensei struggles to find an answer for her confession and instead gets lost in his thoughts, thinking about his relationship with her, how hollow his feelings for her are and how there might be a world were they aren't. When he finishes, he tells Chika that she'll win the contest, even after Chinami accidentally drops their plates, having enjoyed every moment of their date, even though it was a horrible one.",
        "participating_characters": [
            "Sensei",
            "Chika Chosokabe",
            "Uta Ushibori",
            "Yumi Yamaguchi",
            "Chinami Chosokabe"
        ],
        "trivia": []
    },
    "technical_information": {
        "event_references": {
            "event_default_name": "Us",
            "event_script_names": "dormwar12",
            "event_missed_name": "This event is not missable."
        },
        "backgrounds": [
            "datewar"
        ],
        "music_tracks": [
            "maidcafe.mp3",
            "kimitoakinobouken.mp3"
        ],
        "changelog": [
            "This Event was added in Update .17."
        ]
    },
    "navigation": {
        "previous_event": "The Legacy of Thaum Pt. Z: Alentha Amastacia",
        "next_event": "First Last Date"
    }
}