{
    "event_id": "uta_s_last_stand",
    "event_title": "Uta's Last Stand",
    "url": "https://www.lessonsinlove.wiki/index.php?title=Uta%27s_Last_Stand",
    "event_type": "Main Event",
    "primary_character": null,
    "chapter": "v0.12.3",
    "interactivity": {
        "requirements": "Thursday You must be on at least Day  240  to unlock this Event. You must have seen or permanently missed the following Events: Seen Main Events up to \" A Door that People Move Through \"",
        "to_get_this_event": "Upon fulfilling all Requirements, this Event automatically occurs on the first Thursday on or after Day 240.",
        "to_miss_this_event": "This event is not missable.",
        "choices": [],
        "effects": [
            "+1 Uta Affection"
        ]
    },
    "progression": {
        "locations": [
            "Kumon-Mi High - Hallway",
            "Classroom"
        ],
        "synopsis": "Outside of his classroom, Sensei tries in vain to calm down an overexcited Uta and answers her remaining questions, some of which are more serious than others. It ends when Uta tries to flirt with him again, but ends up taking her own mind game too far and starts yelling about how she ruined her live on the first day in her new class. Wakana appears from her classroom and demands from Sensei to shut up his miscreant so that at least one of them can do their job. Sensei manages to calm her down a bit later and both go inside. The class takes notice of the new girl and, after some exchanges between various girls, Uta introduces herself to the class, gives them some basic information about her background and personality, and ends her introduction with her signature move . Her move is met with different reactions form the girls, mostly positive or neutral once, but Uta takes special notice of Yumi 's negative reaction to it and, realizing she's a non-believer and the class bully, demands an arm wrestling match – If Uta wins, Yumi will stop bullying her class members, and if Yumi wins, Uta will never do her move in class again. Yumi immediately accepts and defeats Uta in under a second. Once Uta admits defeat, Sensei takes her to the nurse to get her arm checked.",
        "participating_characters": [
            "Sensei",
            "Uta Ushibori",
            "Wakana Watabe",
            "Ayane Amamiya",
            "Futaba Fukuyama",
            "Miku Maruyama",
            "Rin Rokuhara",
            "Tsuneyo Tojo",
            "Yumi Yamaguchi",
            "Chika Chosokabe",
            "Ami Arakawa",
            "Maya Makinami",
            "Makoto Miyamura",
            "Molly MacCormack"
        ],
        "trivia": []
    },
    "technical_information": {
        "event_references": {
            "event_default_name": "Uta's Last Stand",
            "event_script_names": "day240",
            "event_missed_name": "This event is not missable."
        },
        "backgrounds": [
            "utaintro"
        ],
        "music_tracks": [
            "happyandplotting.mp3"
        ],
        "changelog": [
            "This Event was added in Update 0.12p2."
        ]
    },
    "navigation": {
        "previous_event": "A Door that People Move Through",
        "next_event": "Opposites Attract",
        "prev_event": null
    }
}