{
    "event_id": "walk_in_the_park",
    "event_title": "Walk in the Park",
    "url": "https://www.lessonsinlove.wiki/index.php?title=Walk_in_the_Park",
    "event_type": "Main Event",
    "primary_character": null,
    "chapter": "v0.2.6",
    "interactivity": {
        "requirements": "Saturday You must be on at least Day  38  to unlock this Event. You must have seen or permanently missed the following Events: Seen Main Events up to \" Cleaning Duty \" Seen \" Unexpected Profession \" from Makoto Miyamura",
        "to_get_this_event": "Upon fulfilling all Requirements, this Event automatically occurs on the first Saturday afternoon on or after Day 38.",
        "to_miss_this_event": "This event is not missable.",
        "choices": [],
        "effects": [
            "+1 Makoto Affection"
        ]
    },
    "progression": {
        "locations": [
            "Park"
        ],
        "synopsis": "While walking home in the afternoon, Sensei decides to make a detour through a park and winds up running into Makoto . Both are surprised to see the other, but Sensei quickly gives Makoto a backhanded compliment before asking why she's not at work, which Makoto replies to by saying normal business hours see basically zero profit for the store, so they don't bother opening at that time. Makoto tries to apologize shortly after for her ' outburst ', and tells Sensei to ignore anything she said in that encounter, only for Sensei to refute her point and tell her he does want to hang out, and to make plans. When he jokes about Makoto's nearly incessant desire to continue her studies, he is surprised to find Makoto has actually forbidden herself from studying for the duration of the afternoon. After Makoto gleefully acknowledges Sensei's desire to spend time with her in the park, the two sit down nearby a fountain, and Makoto brings up how weird it must look for a teacher and student to be hanging out in such a manner. Sensei thinks nothing of it, and Makoto makes a comment about how the city is constantly changing, never staying the same for long, such as how the Koi Cafe is actually a recent development. After Makoto mentions how she keeps a coffee pot in her dorm room, Sensei jokes how terrifying it must be for Miku to have caffeine in her system. Makoto acknowledges that Miku can be difficult to keep up with at times, and when she makes a comment about her grades, Sensei mentions he could always have Miku over for private tutoring, which Makoto questions the legality of. After a short conversation on Makoto's true intentions of having a study session at Sensei's apartment, the two part ways, and Sensei leaves to go about his evening. Unbeknownst to either of them, Yumi hides behind a tree a good distance away, having observed and heard the entire interaction.",
        "participating_characters": [
            "Sensei",
            "Makoto Miyamura",
            "Molly MacCormack",
            "Yumi Yamaguchi"
        ],
        "trivia": [
            "Molly 's appearance as a cameo in this Event marks the first time in the game a character makes a physical appearance prior to their introduction."
        ]
    },
    "technical_information": {
        "event_references": {
            "event_default_name": "Walk in the Park",
            "event_script_names": "day38",
            "event_missed_name": "This event is not missable."
        },
        "backgrounds": [
            "newwalk",
            "makpark"
        ],
        "music_tracks": [
            "justbehappy.mp3"
        ],
        "changelog": [
            "This Event was added in Update 0.2."
        ]
    },
    "navigation": {
        "previous_event": "Cleaning Duty",
        "next_event": "Saved by the Bell",
        "prev_event": null
    }
}