{
    "event_id": "yellow_patch_heaven_in_my_hands_",
    "event_title": "Yellow Patch (Heaven in My Hands)",
    "url": "https://www.lessonsinlove.wiki/index.php?title=Yellow_Patch_(Heaven_in_My_Hands)",
    "event_type": "Main Event",
    "primary_character": null,
    "chapter": "v0.44-0.20",
    "interactivity": {
        "requirements": "None",
        "to_get_this_event": "Autoplays after \" Chamomile \" . This event belongs to an event chain started from \" Recap \" .",
        "to_miss_this_event": "This event is not missable.",
        "choices": [],
        "effects": []
    },
    "progression": {
        "locations": [
            "Old District",
            "Koi Cafe",
            "Amamiya Estate - Infirmary"
        ],
        "synopsis": "The dramatic situation gains momentum with Yumi losing the grip of time and space. Here, she calls Chika to get at least any clue of what time she is in right now. Turns out, after Chika's response, Yumi has got into the same alternate timeline Ayane was in , but for now she doesn't know it. In this stressful event, Yumi asks Chika to find Makoto for her to get at least some answers. Little does she know, that Makoto from original timeline wasn't there. After this scene, the mysterious narrator joins in and makes comments on what's happening. Meanwhile, Ami and Maya from Sensei's timeline talk privately in Amamiya Estate's infirmary. Maya, disoriented after the sudden change, leans on Ami and rushes to discuss their relationships with Sensei. During their chatting, Molly , being depressed and infuriated with Otoha and Rin 's romance in this timeline, randomly shows up and interrupts their dialogue. So the girls advise her to visit the kitchen and drown her sorrows. After this, Maya mentioned the vital events that took place in her version of past . Which, of course, provokes misunderstanding from Ami's side. It all ended with Ami exiting the room in thought, as she invited Maya to follow her after she counts to ten. However, after Maya opened the door, the unexpected happened...",
        "participating_characters": [
            "Yumi Yamaguchi",
            "Chika Chosokabe",
            "Ami Arakawa",
            "Maya Makinami",
            "Molly MacCormack"
        ],
        "trivia": []
    },
    "technical_information": {
        "event_references": {
            "event_default_name": "Yellow Patch (Heaven in My Hands)",
            "event_script_names": "halloweenfive10",
            "event_missed_name": "This event is not missable."
        },
        "backgrounds": [
            "yumiisheretoowtf"
        ],
        "music_tracks": [
            "amiawake.mp3"
        ],
        "changelog": [
            "This Event was added in Update 0.45."
        ]
    },
    "navigation": {
        "previous_event": "Recap",
        "next_event": "Episcopalis: A Hymn for Him and She and Her",
        "prev_event": null
    }
}