{
    "event_id": "blood_sunset",
    "event_title": "Blood & Sunset",
    "url": "https://www.lessonsinlove.wiki/index.php?title=Blood_%26_Sunset",
    "event_type": "Event",
    "primary_character": "Tsukasa Tsukioka",
    "chapter": "Chapter 4",
    "interactivity": {
        "requirements": "None",
        "to_get_this_event": "Autoplays after \" Vow of Silence (Pole Position) \".",
        "to_miss_this_event": "Chose not to see Chinami in the bath in \" The Gap in the Door \" or chose Chinami in \" Holden Caulfield \". Replaced by ARE .",
        "choices": [],
        "effects": [
            "+3 Tsukasa Affection"
        ]
    },
    "progression": {
        "locations": [
            "Tsukioka Estate - Sakura Garden",
            "Sensei's House - Bedroom"
        ],
        "synopsis": "After their tutoring session , Sensei and Tsukasa take a walk through the estate's sakura garden. He's lost in thoughts until Tsukasa calls out to him, asking if he already saw it with her mother , which he confirms . She wonders if he likes this garden if he decided to return to it, but when he doesn't respond, wonders how her mother keeps the tree in bloom over the entire year, with Sensei assuming she somehow controls the weather. After he gets lost in thoughts again, Tsukasa asks if he intends to continue tutoring her, not because she likes his tutoring but his company, yet requests he changes his clothes to something more suitable so he doesn't end up confusing their servants. He makes a sarcastic comment on their treatment of the staff, and when she fails to notice it, decides to teach her sarcasm during their next session. During this, she assumes that he intends to assassinate her due to a comment about him keeping a list of her interests, with her being under the superstition that lists will end in assassination attempts, but when he confirms that being around him might be dangerous, she doesn't mind it, as being around a dangerous individual is better than being alone and bored. When Sensei tries to set boundaries between them by clarifying that he's nothing more than her tutor, Tsukasa wonders why he's behaving so strangely. He explains that she's revealing one of her weaknesses to him by admitting she's lonely, but Tsukasa points out that he's doing the same – He's only with her because he can't see Touka right now and has no other option, so he chose to spend time with her, a failsafe. She's fine with it, because being a failsafe is her existence in a nutshell, but when Sensei tries to argue against it, she reveals that every staff member says that about her, having heard them say so when she spied on them. He feels sorry for her being treated like this, but she assures him she's fine, especially since she can fire them whenever she wants. She also tells him that she hears more interesting stories while spying on her servants, one of which regards a rumor of the sakura garden. According to the rumor, there's a ghost haunting it, similar to the one haunting Sensei, with the ghost of the manor being apparently a former gardener who died under the tree or the former owner of the tree who was buried under it and won't rest until she can find her missing child. Sensei begins to \"black out\" again, and an entity, most likely Sekai , advises him to bury his impurities below the eiderdown, and another entity, named Onund, asks him to reach out to and take them. As he does it, he comes back to reality, where his hand rests on Tsukasa's head, who's confused on why he's touching her. The next moment, he finds himself back home, terrified by the mistake he almost committed.",
        "participating_characters": [
            "Sensei",
            "Tsukasa Tsukioka"
        ],
        "trivia": [
            "The event ends with an encoded line in hexadecimal. A translation can be found below: \"41 6e 64 20 74 68 69 73 20 6c 69 74 74 6c 65 20 70 69 67 67 79 20 63 72 69 65 64 20 77 65 65 20 77 65 65 20 77 65 65 20 61 6c 6c 20 74 68 65 20 77 61 79 20 68 6f 6d 65\" - And this little piggy cried wee wee wee all the way home",
            "\"41 6e 64 20 74 68 69 73 20 6c 69 74 74 6c 65 20 70 69 67 67 79 20 63 72 69 65 64 20 77 65 65 20 77 65 65 20 77 65 65 20 61 6c 6c 20 74 68 65 20 77 61 79 20 68 6f 6d 65\" - And this little piggy cried wee wee wee all the way home"
        ]
    },
    "technical_information": {
        "event_references": {
            "event_default_name": "Blood & Sunset",
            "event_script_names": "tsukasaspring2",
            "event_missed_name": "ARE"
        },
        "backgrounds": [
            "tsukasakura"
        ],
        "music_tracks": [
            "bloodandsunset.mp3"
        ],
        "changelog": [
            "This Event was added in Update .38."
        ]
    },
    "navigation": {
        "previous_event": "Vow of Silence (Pole Position)",
        "next_event": "Failsafe"
    }
}