{
    "event_id": "objects_and_appendages",
    "event_title": "Objects and Appendages",
    "url": "https://www.lessonsinlove.wiki/index.php?title=Objects_and_Appendages",
    "event_type": "Event",
    "primary_character": "Kaori Kadowaki",
    "chapter": "Chapter 1",
    "interactivity": {
        "requirements": "10 Kaori Affection You must have seen or permanently missed the following Events: Seen \" The Best Ways to Rub a Cock \" from Kaori Kadowaki",
        "to_get_this_event": "Call Kaori during weekend morning",
        "to_miss_this_event": "This event is not missable.",
        "choices": [],
        "effects": [
            "+1 Kaori Affection"
        ]
    },
    "progression": {
        "locations": [
            "Convenience"
        ],
        "synopsis": "Kaori wants Sensei to use his large, muscley shoulder-tubes to carry some groceries for her. He also buys her some cookie bread. As they talk, the subject comes around to the expression of feelings — Sensei doesn't express his very much, but Kaori thinks he should, and worries that he is afraid of happiness. Trying to change the subject, Sensei asks Kaori about her childhood. She says that she only one friend, who disappeared, but she is interrupted by her phone before she can elaborate.",
        "participating_characters": [
            "Sensei",
            "Kaori Kadowaki"
        ],
        "trivia": []
    },
    "technical_information": {
        "event_references": {
            "event_default_name": "Objects and Appendages",
            "event_script_names": "kaoridate10",
            "event_missed_name": "This event is not missable."
        },
        "backgrounds": [
            "kaoriconvenience"
        ],
        "music_tracks": [
            "justbehappy.mp3"
        ],
        "changelog": [
            "This Event was added in Update 0.11."
        ]
    },
    "navigation": {
        "previous_event": "The Best Ways to Rub a Cock",
        "next_event": "To Die, To Sleep"
    }
}