{
    "event_id": "såsom_i_en_spegel",
    "event_title": "Såsom i en Spegel",
    "url": "https://www.lessonsinlove.wiki/index.php?title=S%C3%A5som_i_en_Spegel",
    "event_type": "Event",
    "primary_character": "Kaori Kadowaki",
    "chapter": "Chapter 2",
    "interactivity": {
        "requirements": "20 Kaori Affection You must have seen or permanently missed the following Events: Seen \" Everlasting Mercy \" from Maya Makinami",
        "to_get_this_event": "Call Kaori at night",
        "to_miss_this_event": "This event is not missable.",
        "choices": [],
        "effects": [
            "+1 Kaori Affection"
        ]
    },
    "progression": {
        "locations": [
            "Kumon-Mi"
        ],
        "synopsis": "Kaori is in a frenzy, as John has mysteriously disappeared while she was away at work. Sensei quickly makes his way over to her house to help find him. Upon stepping outside, though, both realize they have no idea where to begin looking. Kaori suggests they return to the alley where they first found him . Arriving there, Sensei translates John's confused monologue to Kaori, before he's no longer able to understand him and the three of them return home.",
        "participating_characters": [
            "Sensei",
            "Kaori Kadowaki",
            "John"
        ],
        "trivia": []
    },
    "technical_information": {
        "event_references": {
            "event_default_name": "Såsom i en Spegel",
            "event_script_names": "kaoridate20",
            "event_missed_name": "This event is not missable."
        },
        "backgrounds": [
            "kaorislostcock"
        ],
        "music_tracks": [
            "sanctuary.mp3",
            "letsfuckingo.mp3"
        ],
        "changelog": [
            "This Event was added in Update .23p2."
        ]
    },
    "navigation": {
        "previous_event": "Clouds",
        "next_event": "Wither"
    }
}