{
    "event_id": "the_girl_with_the_dragon_tattoo",
    "event_title": "The Girl with the Dragon Tattoo",
    "url": "https://www.lessonsinlove.wiki/index.php?title=The_Girl_with_the_Dragon_Tattoo",
    "event_type": "Event",
    "primary_character": "Io Ichimonji",
    "chapter": "Chapter 2",
    "interactivity": {
        "requirements": "5 Io Affection You must have seen or permanently missed the following Events: Seen \" Nonetheless, I'm Here \" from Io Ichimonji",
        "to_get_this_event": "Visit the Bathhouse at Afternoon",
        "to_miss_this_event": "This event is not missable.",
        "choices": [],
        "effects": [
            "+1 Io Affection"
        ]
    },
    "progression": {
        "locations": [
            "Bathouse"
        ],
        "synopsis": "At the bathhouse, Sensei and Io talk a bit about Io's hobbies, which include baseball, camping, hiking, and building things. Yuki is visiting the baths — Io is surprised to learn that her classmate Yumi is Yuki's daughter, and also wants to know how Sensei and Yuki know each other. Io gets Yuki to show Sensei her elaborate back tattoo, which Io thinks is awesome. Later, Yuki suggests that she and Sensei meet up at Tojo Ramen sometime to talk about Yumi, and they trade phone numbers.",
        "participating_characters": [
            "Sensei",
            "Io Ichimonji",
            "Yuki Yamaguchi"
        ],
        "trivia": [
            "You can now call Yuki"
        ]
    },
    "technical_information": {
        "event_references": {
            "event_default_name": "The Girl with the Dragon Tattoo",
            "event_script_names": "bathhouse5",
            "event_missed_name": "This event is not missable."
        },
        "backgrounds": [
            "ioyuki"
        ],
        "music_tracks": [
            "normalday.mp3"
        ],
        "changelog": [
            "This Event was added in Update 0.12p2."
        ]
    },
    "navigation": {
        "previous_event": "Nonetheless, I'm Here",
        "next_event": "Unnamed Wooden Robots"
    }
}