{
    "event_id": "fish_out_of_water",
    "event_title": "Fish Out of Water",
    "url": "https://www.lessonsinlove.wiki/index.php?title=Fish_Out_of_Water",
    "event_type": "Event",
    "primary_character": "Touka Tsukioka",
    "chapter": "Chapter 2",
    "interactivity": {
        "requirements": "Not Thursday You must have seen or permanently missed the following Events: Seen \" Spontaneous Sentimentality \" from Touka Tsukioka",
        "to_get_this_event": "Visit Touka's dorm room",
        "to_miss_this_event": "This event is not missable.",
        "choices": [],
        "effects": [
            "+1 Touka Affection"
        ]
    },
    "progression": {
        "locations": [
            "School Dorms - Room 9"
        ],
        "synopsis": "Touka wants to vent at Sensei . She proposes to ignore Yasu , who is sitting and staring at the wall, and also mentions having had little luck talking to other girls in the dorm — Sensei encourages her to keep trying. Touka is still unhappy about having to live with Yasu, and thinks that Sensei is asking too much of her. She tells him that her desire for \"special treatment\" arises from being genuinely confused in an unfamiliar environment, not from selfishness or conceit. Sensei acknowledges her point.",
        "participating_characters": [
            "Sensei",
            "Touka Tsukioka",
            "Yasu Yasui"
        ],
        "trivia": []
    },
    "technical_information": {
        "event_references": {
            "event_default_name": "Fish Out of Water",
            "event_script_names": "toukadorm1",
            "event_missed_name": "This event is not missable."
        },
        "backgrounds": [
            "toukafirstdorm"
        ],
        "music_tracks": [
            "sweetvermouth.mp3"
        ],
        "changelog": [
            "This Event was added in Update .16p2."
        ]
    },
    "navigation": {
        "previous_event": "Trial Period",
        "next_event": "A Brief Moment in Time"
    }
}