{
    "event_id": "loser",
    "event_title": "Loser",
    "url": "https://www.lessonsinlove.wiki/index.php?title=Loser",
    "event_type": "Event",
    "primary_character": "Touka Tsukioka",
    "chapter": "Chapter 2",
    "interactivity": {
        "requirements": "Not Thursday 5 Touka Affection You must have seen or permanently missed the following Events: Seen \" A Brief Moment in Time \" from Touka Tsukioka",
        "to_get_this_event": "Visit Touka's dorm room",
        "to_miss_this_event": "This event is not missable.",
        "choices": [],
        "effects": [
            "+1 Touka Affection"
        ]
    },
    "progression": {
        "locations": [
            "School Dorms - Room 9"
        ],
        "synopsis": "Touka is still having difficulties making friends with other girls at school, and feels that she is unfairly judged. She says that although she sometimes makes mistakes, she is still dismissed as a stereotypical rich girl even when she has done absolutely nothing. She acknowledges that her problems are minor compared to those of some of her classmates, but says that she is still \"a real girl with real feelings\", and wishes that she had real friends. She feels a little better for having said so, and wants to keep talking for a while. Sensei asks about any hardships Touka might have experienced despite her background — she talks about the fact that her father wanted a male heir, and about the expectation that she marry.",
        "participating_characters": [
            "Sensei",
            "Touka Tsukioka"
        ],
        "trivia": []
    },
    "technical_information": {
        "event_references": {
            "event_default_name": "Loser",
            "event_script_names": "toukadorm5",
            "event_missed_name": "This event is not missable."
        },
        "backgrounds": [
            "toukapjs"
        ],
        "music_tracks": [
            "thesleepingcity.mp3"
        ],
        "changelog": [
            "This Event was added in Update .16p2."
        ]
    },
    "navigation": {
        "previous_event": "A Brief Moment in Time",
        "next_event": "House Call"
    }
}