{
    "event_id": "spontaneous_sentimentality",
    "event_title": "Spontaneous Sentimentality",
    "url": "https://www.lessonsinlove.wiki/index.php?title=Spontaneous_Sentimentality",
    "event_type": "Event",
    "primary_character": "Touka Tsukioka",
    "chapter": "Chapter 2",
    "interactivity": {
        "requirements": "Tuesday You must have seen or permanently missed the following Events: Seen Main Events up to \" Horses or the Whispers of the Dead \"",
        "to_get_this_event": "Talk to Touka in the dorm hallway",
        "to_miss_this_event": "This event is not missable.",
        "choices": [],
        "effects": [
            "+1 Touka Affection"
        ]
    },
    "progression": {
        "locations": [
            "School Dorms - Second Floor Hallway"
        ],
        "synopsis": "Although Touka thinks Sensei 's presence in the dorms is strange, she talks for a while how she is finding the life there, and about the more luxurious conditions she is used to at home. Touka accidentally admits to knowing about Saturday morning cartoons, which she considers inappropriate for a proper lady. She says that she does not want to lose \"yet another teacher\" due to not maintaining her composure, but declines to explain what she means by that.",
        "participating_characters": [
            "Sensei",
            "Touka Tsukioka"
        ],
        "trivia": [
            "There are some minor differences in the conversation if you have already seen Trial Period ."
        ]
    },
    "technical_information": {
        "event_references": {
            "event_default_name": "Spontaneous Sentimentality",
            "event_script_names": "toukafirsthall",
            "event_missed_name": "This event is not missable."
        },
        "backgrounds": [
            "toukahall"
        ],
        "music_tracks": [
            ""
        ],
        "changelog": [
            "This Event was added in Update .16p2."
        ]
    },
    "navigation": {
        "previous_event": null,
        "next_event": "Trial Period"
    }
}