{
    "event_id": "trial_period",
    "event_title": "Trial Period",
    "url": "https://www.lessonsinlove.wiki/index.php?title=Trial_Period",
    "event_type": "Event",
    "primary_character": "Touka Tsukioka",
    "chapter": "Chapter 2",
    "interactivity": {
        "requirements": "You must have seen or permanently missed the following Events: Seen Main Events up to \" Horses or the Whispers of the Dead \"",
        "to_get_this_event": "Visit the Streets in the morning",
        "to_miss_this_event": "This event is not missable.",
        "choices": [],
        "effects": [
            "+1 Touka Affection"
        ]
    },
    "progression": {
        "locations": [
            "Kumon-Mi - Streets"
        ],
        "synopsis": "Sensei finds Touka having difficulty with a vending machine, having been told by her mother to explore the area and try to blend in. Sensei initially takes advantage of her sheltered upbringing to play a trick on her, but eventually buys her a drink himself. Touka is somewhat awkward sitting with Sensei afterwards, but they agree that continuing to meet would help them learn about each other.",
        "participating_characters": [
            "Sensei",
            "Touka Tsukioka"
        ],
        "trivia": []
    },
    "technical_information": {
        "event_references": {
            "event_default_name": "Trial Period",
            "event_script_names": "toukastreets1",
            "event_missed_name": "This event is not missable."
        },
        "backgrounds": [
            "toukavending"
        ],
        "music_tracks": [
            "marshmallow.mp3"
        ],
        "changelog": [
            "This Event was added in Update .16p2."
        ]
    },
    "navigation": {
        "previous_event": "Spontaneous Sentimentality",
        "next_event": "Fish Out of Water"
    }
}