{
    "event_id": "conscious_or_not",
    "event_title": "Conscious or Not",
    "url": "https://www.lessonsinlove.wiki/index.php?title=Conscious_or_Not",
    "event_type": "Lust Event",
    "primary_character": "Ami Arakawa",
    "chapter": "v0.20.6",
    "interactivity": {
        "requirements": "20 Ami Lust",
        "to_get_this_event": "Have 20+ Lust with Ami before the chain starts. Autoplays after \" Anglerfish \" . This event belongs to an event chain started from \" Girls in Spandex \" .",
        "to_miss_this_event": "Not having 20+ Lust with Ami before Anglerfish . Replaced by A Hallway Full of Eyes .",
        "choices": [],
        "effects": [
            "+3 Ami Lust"
        ]
    },
    "progression": {
        "locations": [
            "Amamiya Estate"
        ],
        "synopsis": "After failing to find Noriko in any of the bathrooms, Ami asks Sensei if they can spend some time alone before they head back to the others.",
        "participating_characters": [
            "Sensei",
            "Ami Arakawa"
        ],
        "trivia": []
    },
    "technical_information": {
        "event_references": {
            "event_default_name": "Conscious or Not",
            "event_script_names": "amilust20",
            "event_missed_name": "A Hallway Full of Eyes"
        },
        "backgrounds": [
            "amilusttwenty"
        ],
        "music_tracks": [
            "amiamiami.mp3",
            "asobeatsex6.mp3"
        ],
        "changelog": [
            "This Event was added in Update .20p2."
        ]
    },
    "navigation": {
        "previous_event": "As Light as Air",
        "next_event": "Outcry of the Hunted Hare"
    }
}