{
    "event_id": "cute_girls_and_stuff",
    "event_title": "Cute Girls and Stuff",
    "url": "https://www.lessonsinlove.wiki/index.php?title=Cute_Girls_and_Stuff",
    "event_type": "Event",
    "primary_character": "Ami Arakawa",
    "chapter": "Chapter 1",
    "interactivity": {
        "requirements": "20 Ami Affection You must have seen or permanently missed the following Events: Seen Main Events up to \" See You in the Morning \" Seen \" FLAVOR BEAM! \" from Maya Makinami",
        "to_get_this_event": "Visit Ami's Bedroom",
        "to_miss_this_event": "This event is not missable.",
        "choices": [],
        "effects": [
            "+1 Ami Affection"
        ]
    },
    "progression": {
        "locations": [
            "Ami’s Bedroom",
            "Shopping Mall"
        ],
        "synopsis": "Ami would like Sensei to take her shopping. She also wants Sensei to pay, since she doesn't have a job. Sensei suggests that she get one, and although Ami points out that cooking and cleaning for Sensei practically is her job, she considers the possibility. When he suggests the maid cafe he visited with Maya , Ami becomes suspicious that he's become addicted and is spending all his money there. If so, she wants to work there so she can keep an eye on him (and collect his money). She asks him to go with her to the maid cafe sometime to ask about a job.",
        "participating_characters": [
            "Sensei",
            "Ami Arakawa"
        ],
        "trivia": []
    },
    "technical_information": {
        "event_references": {
            "event_default_name": "Cute Girls and Stuff",
            "event_script_names": "amisroom20",
            "event_missed_name": "This event is not missable."
        },
        "backgrounds": [
            "cutegirlredux",
            "amimall"
        ],
        "music_tracks": [
            "amiamiami.mp3"
        ],
        "changelog": [
            "This Event was added in Update 0.10p2."
        ]
    },
    "navigation": {
        "previous_event": "Wake Up Call",
        "next_event": "Divergence"
    }
}