{
    "event_id": "important_things",
    "event_title": "Important Things",
    "url": "https://www.lessonsinlove.wiki/index.php?title=Important_Things",
    "event_type": "Event",
    "primary_character": "Ami Arakawa",
    "chapter": "Chapter 1",
    "interactivity": {
        "requirements": "15 Ami Affection You must have seen or permanently missed the following Events: Seen \" Back Out in the Heat \" from Ami Arakawa",
        "to_get_this_event": "Visit Ami's room on any weekend morning after all Requirements have been fulfilled.",
        "to_miss_this_event": "This event is not missable.",
        "choices": [],
        "effects": [
            "+1 Ami Affection"
        ]
    },
    "progression": {
        "locations": [
            "Sensei's House - Ami's Bedroom",
            "Sensei's House"
        ],
        "synopsis": "Sensei spends the whole day hanging out with Ami at home. They talk about their relationship, with Ami extracting a statement of love from Sensei by threatening to stop cooking for him. She tells Sensei that he's \"putting roadblocks all over this relationship\" by being older than her and related to her. They spend nearly the entire day watching anime together, and Sensei reflects on how good a life he has. Afterwards, Sensei takes a bath. If Sensei has fingered Ami before, she joins him and they have sex — otherwise, he just naps until dinner.",
        "participating_characters": [
            "Sensei",
            "Ami Arakawa"
        ],
        "trivia": []
    },
    "technical_information": {
        "event_references": {
            "event_default_name": "Important Things",
            "event_script_names": "amisroom15",
            "event_missed_name": "This event is not missable."
        },
        "backgrounds": [
            "amisroomonefive",
            "importantredux",
            "amisfirsttime"
        ],
        "music_tracks": [
            "normalday.mp3",
            "asobeatsex4.mp3"
        ],
        "changelog": [
            "This Event was added in Update 0.6."
        ]
    },
    "navigation": {
        "previous_event": "Back Out in the Heat",
        "next_event": "Wake Up Call"
    }
}