{
    "event_id": "no_one_can_hear_us",
    "event_title": "No One Can Hear Us",
    "url": "https://www.lessonsinlove.wiki/index.php?title=No_One_Can_Hear_Us",
    "event_type": "Lust Event",
    "primary_character": "Ami Arakawa",
    "chapter": "v0.28.14",
    "interactivity": {
        "requirements": "35 Ami Lust Choose \"Yes\" during the event No One Can See Us",
        "to_get_this_event": "Have 35+ Ami Lust before starting the event chain. Autoplays after \" Robin Hood \" . This event belongs to an event chain started from \" Walk Into The Water \" .",
        "to_miss_this_event": "Have less than 35 Ami Lust before Walk Into The Water , or have chosen \"...\" during the event No One Can See Us . Replaced by Splat .",
        "choices": [],
        "effects": [
            "+1 Ami Lust"
        ]
    },
    "progression": {
        "locations": [
            "Beach - Sauna"
        ],
        "synopsis": "Ami drags Sensei into a secluded sauna, where she confronts him about his decision regarding Ayane .",
        "participating_characters": [
            "Sensei",
            "Ami Arakawa"
        ],
        "trivia": [
            "If the Sensei chose '...' during No One Can See Us , a different version of this event will play out. This version of the event cannot be viewed in the Event Viewer.",
            "The intro to this event plays regardless of if the player meets the lust requirement. If they don’t meet the requirement, Sensei will pass out as the heat gets to him. The event will then be counted as missed."
        ]
    },
    "technical_information": {
        "event_references": {
            "event_default_name": "No One Can Hear Us",
            "event_script_names": "amilust35",
            "event_missed_name": "Splat"
        },
        "backgrounds": [
            "amisauna"
        ],
        "music_tracks": [
            "asobeatsex8.mp3"
        ],
        "changelog": [
            "This Event was added in Update .28.0."
        ]
    },
    "navigation": {
        "previous_event": "Somnambula",
        "next_event": "Not Safe For Work"
    }
}