{
    "event_id": "rising_to_the_challenge",
    "event_title": "Rising to the Challenge",
    "url": "https://www.lessonsinlove.wiki/index.php?title=Rising_to_the_Challenge",
    "event_type": "Invite Event",
    "primary_character": "Ami Arakawa",
    "chapter": "Chapter 2",
    "interactivity": {
        "requirements": "Choose \"Yes\" during the event No One Can See Us . You must have seen or permanently missed the following Events: Seen \" Living \" from Ami Arakawa",
        "to_get_this_event": "Invite Ami over upon fulfilling all requirements.",
        "to_miss_this_event": "Choose \"...\" during No One Can See Us . Replaced by Failing at Everything upon seeing Living .",
        "choices": [],
        "effects": [
            "+1 Ami Lust"
        ]
    },
    "progression": {
        "locations": [
            "Sensei House"
        ],
        "synopsis": "After showing Ami a tutorial for something he's been wanting her to do, Sensei and her spend time together.",
        "participating_characters": [
            "Sensei",
            "Ami Arakawa"
        ],
        "trivia": []
    },
    "technical_information": {
        "event_references": {
            "event_default_name": "Rising to the Challenge",
            "event_script_names": "amiinvite2",
            "event_missed_name": "Failing at Everything"
        },
        "backgrounds": [
            "amithighjob"
        ],
        "music_tracks": [
            "asobeatsex6.mp3"
        ],
        "changelog": [
            "This Event was added in Update 0.13p1."
        ]
    },
    "navigation": {
        "previous_event": "Living",
        "next_event": "Best Friends Forever"
    }
}