{
    "event_id": "third_place",
    "event_title": "Third Place",
    "url": "https://www.lessonsinlove.wiki/index.php?title=Third_Place",
    "event_type": "Event",
    "primary_character": "Ami Arakawa",
    "chapter": "Chapter 2",
    "interactivity": {
        "requirements": "30 Ami Affection You must have seen or permanently missed the following Events: Seen \" Shawshank Redemption \" from Uta Ushibori Seen \" Purest Intentions \" from Sana Sakakibara",
        "to_get_this_event": "Visit the Maid Cafe at morning",
        "to_miss_this_event": "This event is not missable.",
        "choices": [],
        "effects": [
            "+1 Ami Affection"
        ]
    },
    "progression": {
        "locations": [
            "Maid Cafe"
        ],
        "synopsis": "Ami tells Sensei that she's doing well working at the maid cafe. She has more money available now, and wants Sensei to come to the mall sometime and help her pick out a swimsuit (even though it's winter). Osako is also working, but would rather Sensei didn't look at her. Ami mentions being he third most popular maid at the cafe, and Sensei is curious as to who besides Uta is above her — Ami says that it isn't Osako, but has promised not to speak of the top-ranked maid (who may not be coming back anyway). Regardless of her ranking, Ami is determined to be Sensei's first choice.",
        "participating_characters": [
            "Sensei",
            "Ami Arakawa",
            "Osako Osaka"
        ],
        "trivia": [
            "There are some minor variations depending on the nature of Sensei's relationship with Ami."
        ]
    },
    "technical_information": {
        "event_references": {
            "event_default_name": "Third Place",
            "event_script_names": "amimaid30",
            "event_missed_name": "This event is not missable."
        },
        "backgrounds": [
            "amimaidthirty"
        ],
        "music_tracks": [
            "maidcafe.mp3"
        ],
        "changelog": [
            "This Event was added in Update .16p1."
        ]
    },
    "navigation": {
        "previous_event": "Best Friends Forever",
        "next_event": "The Big Sleep (Cute Girl Magic)"
    }
}