{
    "event_id": "wake_up_call",
    "event_title": "Wake Up Call",
    "url": "https://www.lessonsinlove.wiki/index.php?title=Wake_Up_Call",
    "event_type": "Lust Event",
    "primary_character": "Ami Arakawa",
    "chapter": "v0.8.10",
    "interactivity": {
        "requirements": "10 Ami Lust",
        "to_get_this_event": "Have 10 Ami Lust before the chain starts. Autoplays after \" Summer and Winter \" . This event belongs to an event chain started from \" What's Done is Done \" .",
        "to_miss_this_event": "Have less than 10 Lust before What's Done is Done begins the chain-event. Replaced by Sleep Forever .",
        "choices": [],
        "effects": [
            "+1 Ami Lust"
        ]
    },
    "progression": {
        "locations": [
            "Beach - Sensei's Room"
        ],
        "synopsis": "Seeing that he's sleeping in, Ami wakes Sensei up for breakfast.",
        "participating_characters": [
            "Sensei",
            "Ami Arakawa"
        ],
        "trivia": []
    },
    "technical_information": {
        "event_references": {
            "event_default_name": "Wake Up Call",
            "event_script_names": "amilust10",
            "event_missed_name": "Sleep Forever"
        },
        "backgrounds": [
            "amibeachlust"
        ],
        "music_tracks": [
            "normalday.mp3"
        ],
        "changelog": [
            "This Event was added in Update 0.8."
        ]
    },
    "navigation": {
        "previous_event": "Important Things",
        "next_event": "Cute Girls and Stuff"
    }
}