{
    "event_id": "walking_on_air",
    "event_title": "Walking on Air",
    "url": "https://www.lessonsinlove.wiki/index.php?title=Walking_on_Air",
    "event_type": "Lust Event",
    "primary_character": "Ami Arakawa",
    "chapter": "Chapter 1",
    "interactivity": {
        "requirements": "You must be on at least Day  98  to unlock this Event. 5 Ami Lust",
        "to_get_this_event": "Upon fulfilling all Requirements, this Event automatically occurs on the first day on or after Day 98.",
        "to_miss_this_event": "Choose \"...\" in No One Can See Us . Replaced by Falling, Falling, Falling .",
        "choices": [],
        "effects": [
            "+1 Ami Lust"
        ]
    },
    "progression": {
        "locations": [
            "Kumon-Mi High - Manga Club Room"
        ],
        "synopsis": "Ami drags Sensei along with her to the manga club room under the guise of helping her clean. After hearing that he's the club advisor, a detail he immediately forgets, and hearing what she actually needs from him, he accepts only he can help and follows her in. Once inside, Ami reminds him of much she loves and the two spend some time alone before heading back home.",
        "participating_characters": [
            "Sensei",
            "Ami Arakawa"
        ],
        "trivia": [
            "Since this is Ami's first Lust Event, you can change the nickname she calls you. The list of names that result in altered interactions can be found here ."
        ]
    },
    "technical_information": {
        "event_references": {
            "event_default_name": "Walking on Air",
            "event_script_names": "day98",
            "event_missed_name": "Falling, Falling, Falling"
        },
        "backgrounds": [
            "walkingonairredux",
            "amifirstlust"
        ],
        "music_tracks": [
            "10c.mp3",
            "asobeatsex2.mp3"
        ],
        "changelog": [
            "This Event was added in Update .5.0."
        ]
    },
    "navigation": {
        "previous_event": "No One Can See Us",
        "next_event": "Back Out in the Heat"
    }
}