{
    "event_id": "onward_to_valhalla",
    "event_title": "Onward to Valhalla",
    "url": "https://www.lessonsinlove.wiki/index.php?title=Onward_to_Valhalla",
    "event_type": "Event",
    "primary_character": "Molly MacCormack",
    "chapter": "Chapter 2",
    "interactivity": {
        "requirements": "15 Molly Affection You must have seen or permanently missed the following Events: Seen Main Events up to \" Fireworks etc... \"",
        "to_get_this_event": "Visit the Koi Cafe at night",
        "to_miss_this_event": "This event is not missable.",
        "choices": [],
        "effects": [
            "+1 Molly Affection"
        ]
    },
    "progression": {
        "locations": [
            "Koi Cafe"
        ],
        "synopsis": "Sensei finds Molly sitting outside the cafe. She talks about the difficulties of being transplanted from one culture to another. Sensei says that although she's very different from him, he's still happy that she's here, and that he's impressed at how well she's doing. Molly wonders if she's on his love route, but he says not. She points out that there is a way in which they aren't so different — their \"unearthly desire to be lazy\" at their respective jobs (which is why she's sitting outside rather than working).",
        "participating_characters": [
            "Sensei",
            "Molly MacCormack"
        ],
        "trivia": []
    },
    "technical_information": {
        "event_references": {
            "event_default_name": "Onward to Valhalla",
            "event_script_names": "mollycafe15",
            "event_missed_name": "This event is not missable."
        },
        "backgrounds": [
            "mollyoutside"
        ],
        "music_tracks": [
            "molly.mp3"
        ],
        "changelog": [
            "This Event was added in Update 0.13p2."
        ]
    },
    "navigation": {
        "previous_event": "The Dark Entity",
        "next_event": "Unpaid Promotion"
    }
}