{
    "event_id": "something_out_of_a_nukige",
    "event_title": "Something Out of a Nukige",
    "url": "https://www.lessonsinlove.wiki/index.php?title=Something_Out_of_a_Nukige",
    "event_type": "Event",
    "primary_character": "Molly MacCormack",
    "chapter": "Chapter 1",
    "interactivity": {
        "requirements": "10 Molly Affection You must have seen or permanently missed the following Events: Seen \" Remnants of Forgotten Memes \" from Molly MacCormack Seen \" Torrent of Power \" from Molly MacCormack",
        "to_get_this_event": "Visit the Koi Cafe at night",
        "to_miss_this_event": "This event is not missable.",
        "choices": [],
        "effects": [
            "+1 Molly Affection"
        ]
    },
    "progression": {
        "locations": [
            "Koi Cafe"
        ],
        "synopsis": "While Molly is trying to tell a confused Sensei about her gaming experiences, Rin and Futaba arrive. Rin wonders why he's at the cafe so late, since he's supposed to be her guinea-pig. All three girls are in the manga club together, and Molly is trying to get them to play Dungeons & Dragons during the upcoming beach vacation — she invites Sensei to join in, but he says he'd prefer to just watch.",
        "participating_characters": [
            "Sensei",
            "Molly MacCormack",
            "Rin Rokuhara",
            "Futaba Fukuyama"
        ],
        "trivia": []
    },
    "technical_information": {
        "event_references": {
            "event_default_name": "Something Out of a Nukige",
            "event_script_names": "mollycafe10",
            "event_missed_name": "This event is not missable."
        },
        "backgrounds": [
            "mollycafe",
            "mollysecondcafe"
        ],
        "music_tracks": [
            "cafe.mp3"
        ],
        "changelog": [
            "This Event was added in Update 0.7."
        ]
    },
    "navigation": {
        "previous_event": "Torrent of Power",
        "next_event": "The Dark Entity"
    }
}