{
    "event_id": "the_dark_entity",
    "event_title": "The Dark Entity",
    "url": "https://www.lessonsinlove.wiki/index.php?title=The_Dark_Entity",
    "event_type": "Event",
    "primary_character": "Molly MacCormack",
    "chapter": "Chapter 1",
    "interactivity": {
        "requirements": "10 Molly Affection You must have seen or permanently missed the following Events: Seen \" Something Out of a Nukige \" from Molly MacCormack",
        "to_get_this_event": "Visit Molly at the School Dorms after all Requirements have been fulfilled.",
        "to_miss_this_event": "This event is not missable.",
        "choices": [],
        "effects": [
            "+3 Molly Affection"
        ]
    },
    "progression": {
        "locations": [
            "School Dorms - Room 6"
        ],
        "synopsis": "Sensei visits Molly in her room. They talk for a while about how Molly's enthusiasm for dating sims contrasts with her nervousness about real-life romance. Molly then brings up a more serious subject — \"the right thing to do when you find out that someone you care about is hurting themself\". Molly reveals that her mother killed herself, making Molly very aware of things like that. Sensei guesses that the person Molly is talking about is Rin , and assures Molly that he's working on the problem.",
        "participating_characters": [
            "Sensei",
            "Molly MacCormack"
        ],
        "trivia": []
    },
    "technical_information": {
        "event_references": {
            "event_default_name": "The Dark Entity",
            "event_script_names": "mollydorm10",
            "event_missed_name": "This event is not missable."
        },
        "backgrounds": [
            "mollydormten"
        ],
        "music_tracks": [
            "sweetvermouth.mp3",
            "closeto.mp3"
        ],
        "changelog": [
            "This Event was added in Update 0.7."
        ]
    },
    "navigation": {
        "previous_event": "Something Out of a Nukige",
        "next_event": "Onward to Valhalla"
    }
}