{
    "event_id": "torrent_of_power",
    "event_title": "Torrent of Power",
    "url": "https://www.lessonsinlove.wiki/index.php?title=Torrent_of_Power",
    "event_type": "Event",
    "primary_character": "Molly MacCormack",
    "chapter": "Chapter 1",
    "interactivity": {
        "requirements": "5 Molly Affection You must have seen or permanently missed the following Events: Seen \" NTR & Pregnancy \" from Molly MacCormack",
        "to_get_this_event": "Visit Molly's room",
        "to_miss_this_event": "This event is not missable.",
        "choices": [],
        "effects": [
            "+1 Molly Affection"
        ]
    },
    "progression": {
        "locations": [
            "School Dorms - Room 6"
        ],
        "synopsis": "Sensei visits Molly 's dorm room, explaining to her that this is something he does. She shows him her anime figures, which leads to a discussion her interest in Japanese culture and her hobbies — she is part of the manga club with Ami and Rin . Despite her proficiency with Japanese, she says that she has sometimes felt that people look at her \"a little weird\". Molly is also interested in cosplay, and demonstrates a pose, speech, and staff, but isn't yet prepared to wear the actual costume for him. She also mentions the possibility of getting Tsuneyo and Ami to cosplay, and offers to sell him pictures.",
        "participating_characters": [
            "Sensei",
            "Molly MacCormack"
        ],
        "trivia": [
            "If seen First Words you get a reference on talking with Ayane about outsiders"
        ]
    },
    "technical_information": {
        "event_references": {
            "event_default_name": "Torrent of Power",
            "event_script_names": "mollydorm5",
            "event_missed_name": "This event is not missable."
        },
        "backgrounds": [
            "firstmollydorm"
        ],
        "music_tracks": [
            "sweetvermouth.mp3",
            "rapid.mp3"
        ],
        "changelog": [
            "This Event was added in Update 0.7."
        ]
    },
    "navigation": {
        "previous_event": "Remnants of Forgotten Memes",
        "next_event": "Something Out of a Nukige"
    }
}