{
    "event_id": "unpaid_promotion",
    "event_title": "Unpaid Promotion",
    "url": "https://www.lessonsinlove.wiki/index.php?title=Unpaid_Promotion",
    "event_type": "Event",
    "primary_character": "Molly MacCormack",
    "chapter": "Chapter 2",
    "interactivity": {
        "requirements": "15 Molly Affection You must have seen or permanently missed the following Events: Seen Main Events up to \" Fireworks etc... \"",
        "to_get_this_event": "Visit Molly's room",
        "to_miss_this_event": "This event is not missable.",
        "choices": [],
        "effects": [
            "+1 Molly Affection"
        ]
    },
    "progression": {
        "locations": [
            "School Dorms - Room 6"
        ],
        "synopsis": "Sensei , Molly , and Selebus would like to take this opportunity to tell you about a game they think you should try.",
        "participating_characters": [
            "Sensei",
            "Molly MacCormack"
        ],
        "trivia": []
    },
    "technical_information": {
        "event_references": {
            "event_default_name": "Unpaid Promotion",
            "event_script_names": "mollydorm15",
            "event_missed_name": "This event is not missable."
        },
        "backgrounds": [
            "mollyraid"
        ],
        "music_tracks": [
            "rapid.mp3",
            "sweetvermouth.mp3"
        ],
        "changelog": [
            "This Event was added in Update 0.13p2."
        ]
    },
    "navigation": {
        "previous_event": "Onward to Valhalla",
        "next_event": "The Legacy of Thaum Pt. II"
    }
}