{
    "event_id": "everybody_loves_otoha",
    "event_title": "Everybody Loves Otoha",
    "url": "https://www.lessonsinlove.wiki/index.php?title=Everybody_Loves_Otoha",
    "event_type": "Event",
    "primary_character": "Otoha Okakura",
    "chapter": "Chapter 2",
    "interactivity": {
        "requirements": "Monday You must have seen or permanently missed the following Events: Seen Main Events up to \" Adult Supervision \"",
        "to_get_this_event": "Talk to Otoha in the dorm hallway",
        "to_miss_this_event": "This event is not missable.",
        "choices": [],
        "effects": [
            "+1 Otoha Affection"
        ]
    },
    "progression": {
        "locations": [
            "School Dorms - Second Floor Hallway"
        ],
        "synopsis": "Sensei checks on how Otoha is doing, and although she is puzzled about how there aren't really any rules for the dorms, she says that she's getting along well with everyone. Sensei wonders how many of them have a crush on her, and they talk about Rin — Otoha claims that Rin is different around Sensei than anyone else. Otoha says that she's having fun living in the dorms, but hopes that Sensei won't lose sight of her \"amidst all the huge personalities\" there.",
        "participating_characters": [
            "Sensei",
            "Otoha Okakura",
            "Molly MacCormack"
        ],
        "trivia": []
    },
    "technical_information": {
        "event_references": {
            "event_default_name": "Everybody Loves Otoha",
            "event_script_names": "otohafirsthall",
            "event_missed_name": "This event is not missable."
        },
        "backgrounds": [
            "otohahall"
        ],
        "music_tracks": [
            ""
        ],
        "changelog": [
            "This Event was added in Update .15p2."
        ]
    },
    "navigation": {
        "previous_event": null,
        "next_event": "Conversations Outside of a Girls’ Dorm"
    }
}