{
    "event_id": "drunk_again",
    "event_title": "Drunk Again",
    "url": "https://www.lessonsinlove.wiki/index.php?title=Drunk_Again",
    "event_type": "Event",
    "primary_character": "Haruka Hamasaki",
    "chapter": "Chapter 1",
    "interactivity": {
        "requirements": "You must have seen or permanently missed the following Events: Seen Main Events up to \" Milk, Eggs, and Water \"",
        "to_get_this_event": "Call Haruka at Night",
        "to_miss_this_event": "This event is not missable.",
        "choices": [],
        "effects": [
            "+1 Haruka Affection"
        ]
    },
    "progression": {
        "locations": [
            "Sakaki-bar-a"
        ],
        "synopsis": "Sensei joins Haruka at Sara 's bar, and finds that she has had quite a lot to drink. While Sara is away getting Sensei a drink, Haruka talks about Sensei's decision to accept or turn down sex with Sara. Later, Haruka tells them both that she's going to stay the night with Sara to avoid driving home — the three of them spend the evening getting drunk and (apart from Sensei) talking about feelings. Haruka passes out, and Sara eventually goes to bed. When Sensei wakes Haruka, she kisses him, looks horrified, apologises, and hurries upstairs.",
        "participating_characters": [
            "Sensei",
            "Haruka Hamasaki"
        ],
        "trivia": [
            "Your interaction with Drunk-Haruka will vary based on your relation with Sara."
        ]
    },
    "technical_information": {
        "event_references": {
            "event_default_name": "Drunk Again",
            "event_script_names": "harukadate1",
            "event_missed_name": "This event is not missable."
        },
        "backgrounds": [
            "harukabar"
        ],
        "music_tracks": [
            "calmbar.mp3"
        ],
        "changelog": [
            "This Event was added in Update 0.6."
        ]
    },
    "navigation": {
        "previous_event": null,
        "next_event": "Invisible Worm"
    }
}