{
    "event_id": "performance_review",
    "event_title": "Performance Review",
    "url": "https://www.lessonsinlove.wiki/index.php?title=Performance_Review",
    "event_type": "Event",
    "primary_character": "Haruka Hamasaki",
    "chapter": "Chapter 1",
    "interactivity": {
        "requirements": "10 Haruka Affection You must have seen or permanently missed the following Events: Seen Main Events up to \" Kadrillionbilliontrillion \" Seen \" Invisible Worm \" from Haruka Hamasaki Seen \" Ten Steps Forward \" from Rin Rokuhara",
        "to_get_this_event": "Visit Haruka at Koi Cafe in the morning",
        "to_miss_this_event": "This event is not missable.",
        "choices": [],
        "effects": [
            "+1 Haruka Affection"
        ]
    },
    "progression": {
        "locations": [
            "Koi Cafe"
        ],
        "synopsis": "Haruka is giving Rin her performance review when Sensei arrives. Rin notices that Sensei and Haruka seem fairly close now, which leads to them talking about Haruka's social life (or lack of it). After Rin leaves, Sensei and Haruka talk about her — Sensei thinks that Rin admires Haruka, and Haruka thinks that Rin has feelings for Sensei. Based on what she says, Sensei starts to think that Haruka might be just as bad as him when it comes to lusting after teenage girls, although Haruka says that she would never actually do anything.",
        "participating_characters": [
            "Sensei",
            "Haruka Hamasaki",
            "Rin Rokuhara"
        ],
        "trivia": [
            "Based on your Haruka relationship and if you are a Bad Homie with Rin, the dialogue changes. If you've been a good homie, Haruka mentions that Rin is talking a lot about Sensei . She indicates that there might be more to it then being a fatherly figure. However, if you've been Bad Homie Sensei casually mentions having fingered Chika . She is upset as you mention that."
        ]
    },
    "technical_information": {
        "event_references": {
            "event_default_name": "Performance Review",
            "event_script_names": "harukadate10",
            "event_missed_name": "This event is not missable."
        },
        "backgrounds": [
            "harukarinreview"
        ],
        "music_tracks": [
            "cafe.mp3"
        ],
        "changelog": [
            "This Event was added in Update 0.11."
        ]
    },
    "navigation": {
        "previous_event": "Bad Kitty",
        "next_event": "Watching TV Alone"
    }
}