{
    "event_id": "roses",
    "event_title": "Roses",
    "url": "https://www.lessonsinlove.wiki/index.php?title=Roses",
    "event_type": "Invite Event",
    "primary_character": "Haruka Hamasaki",
    "chapter": "Chapter 2",
    "interactivity": {
        "requirements": "You must have seen or permanently missed the following Events: Seen \" Shades of Green \" from Haruka Hamasaki",
        "to_get_this_event": "Invite Haruka Over",
        "to_miss_this_event": "This event is not missable.",
        "choices": [
            {
                "context": "If you chose \"Be a gentleman\" in Invisible Worm :",
                "option": "Be a gentleman again",
                "effect": "harukaskipped = True"
            },
            {
                "context": "If you chose \"Be a gentleman\" in Invisible Worm :",
                "option": "Fuck another man’s wife",
                "effect": "harukaredeemed = True"
            }
        ],
        "effects": [
            "+3 Haruka Lust"
        ]
    },
    "progression": {
        "locations": [
            "Sensei House"
        ],
        "synopsis": "Haruka knows that Ami is busy with friends, and is therefore willing to go over to Sensei 's house again. When she arrives, the conversation quickly turns to the nature of her relationship with Sensei. Regardless of whether or not they went any further than the first drunken kiss , she feels bad about what she wants and who she is. If she and Sensei have been having sex, she asks to go into Sensei's room and do something to get her mind off everything; if not, Sensei must decide whether to take advantage of her \"meltdown\" to change that, or just stay friends.",
        "participating_characters": [
            "Sensei",
            "Haruka Hamasaki"
        ],
        "trivia": [
            "If you choose to be a gentleman again you'll miss future events"
        ]
    },
    "technical_information": {
        "event_references": {
            "event_default_name": "Roses",
            "event_script_names": "harukainvite2",
            "event_missed_name": "This event is not missable."
        },
        "backgrounds": [
            "harukasecondinvite"
        ],
        "music_tracks": [
            "acoustic.mp3"
        ],
        "changelog": [
            "This Event was added in Update 0.13p1."
        ]
    },
    "navigation": {
        "previous_event": "Shades of Green",
        "next_event": "Sober-ish"
    }
}