{
    "event_id": "secret_weapon",
    "event_title": "Secret Weapon",
    "url": "https://www.lessonsinlove.wiki/index.php?title=Secret_Weapon",
    "event_type": "Lust Event",
    "primary_character": "Haruka Hamasaki",
    "chapter": "v0.27.10",
    "interactivity": {
        "requirements": "25 Sara Lust 25 Haruka Lust You must have seen or permanently missed the following Events: Seen \" Engulfed \" from Sara Sakakibara",
        "to_get_this_event": "See Engulfed and have 25+ Sara and Haruka Lust before starting the event chain. Autoplays after \" Midnight Mom Mosh \" . This event belongs to an event chain started from \" A Walk Through Hell \" .",
        "to_miss_this_event": "Miss seeing Engulfed or have less than 25 Sara or Haruka Lust before A Walk Through Hell . Replaced by Fatal Misfire",
        "choices": [
            {
                "context": null,
                "option": "Sara",
                "effect": "+1 First Floor, \n    +1 Sara Affection,\n    +1 Sara Lust"
            },
            {
                "context": null,
                "option": "Haruka",
                "effect": "+1 Second Floor,\n    +1 Haruka Affection,\n    +1 Haruka Lust"
            }
        ],
        "effects": [
            "+1 Imani Affection"
        ]
    },
    "progression": {
        "locations": [
            "Tsukioka Hotel"
        ],
        "synopsis": "Sensei arrives at the hotel to find that he and Imani will be sharing a room. As the two step open their room, they find Haruka and Sara already inside, having been waiting for Sensei to show up. Imani wishes him good luck before taking her leave.",
        "participating_characters": [
            "Sensei",
            "Imani Imai",
            "Karin Kanda",
            "Kirin Kanda",
            "Sara Sakakibara",
            "Haruka Hamasaki"
        ],
        "trivia": []
    },
    "technical_information": {
        "event_references": {
            "event_default_name": "Secret Weapon",
            "event_script_names": "harukalust25",
            "event_missed_name": "Fatal Misfire"
        },
        "backgrounds": [
            "surprisebjcontest"
        ],
        "music_tracks": [
            "acoustic.mp3"
        ],
        "changelog": [
            "This Event was added in Update .27.0."
        ]
    },
    "navigation": {
        "previous_event": "Again, I Can't Recall",
        "next_event": "Stress Level Midnight"
    }
}