{
    "event_id": "sober_ish",
    "event_title": "Sober-ish",
    "url": "https://www.lessonsinlove.wiki/index.php?title=Sober-ish",
    "event_type": "Event",
    "primary_character": "Haruka Hamasaki",
    "chapter": "Chapter 2",
    "interactivity": {
        "requirements": "20 Haruka Affection You must have seen or permanently missed the following Events: Seen Main Events up to \" War's End \" Seen \" Shades of Green \" from Haruka Hamasaki",
        "to_get_this_event": "Call Haruka at night",
        "to_miss_this_event": "This event is not missable.",
        "choices": [],
        "effects": [
            "+1 Haruka Affection"
        ]
    },
    "progression": {
        "locations": [
            "Koi Cafe"
        ],
        "synopsis": "Sensei meets Haruka , Molly , Ami , and Maya at the Koi Cafe. Molly insists that she can look after the cafe by herself, allowing Haruka to go bar-hopping with Sensei (to Ami's displeasure). They both enjoy themselves, and Haruka says that it's good to have somebody who feels like a real friend.",
        "participating_characters": [
            "Sensei",
            "Haruka Hamasaki",
            "Ami Arakawa",
            "Maya Makinami",
            "Molly MacCormack"
        ],
        "trivia": [
            "Haruka's dialogue varies depending on whether Sensei is having sex with her."
        ]
    },
    "technical_information": {
        "event_references": {
            "event_default_name": "Sober-ish",
            "event_script_names": "harukadate20",
            "event_missed_name": "This event is not missable."
        },
        "backgrounds": [
            "harukadatetwenty"
        ],
        "music_tracks": [
            "cafe.mp3"
        ],
        "changelog": [
            "This Event was added in Update .18p1."
        ]
    },
    "navigation": {
        "previous_event": "Roses",
        "next_event": "Unfiltered Tap Water"
    }
}