{
    "event_id": "unfiltered_tap_water",
    "event_title": "Unfiltered Tap Water",
    "url": "https://www.lessonsinlove.wiki/index.php?title=Unfiltered_Tap_Water",
    "event_type": "Invite Event",
    "primary_character": "Haruka Hamasaki",
    "chapter": "Chapter 2",
    "interactivity": {
        "requirements": "Fucked another man’s wife You must have seen or permanently missed the following Events: Seen \" Sober-ish \" from Haruka Hamasaki",
        "to_get_this_event": "Have a sexual relationship with Haruka. Invite Haruka over after seeing Sober-ish and Roses .",
        "to_miss_this_event": "Decline to have sex with Haruka in both Invisible Worm and Roses . Replaced by Worms after seeing Sober-ish .",
        "choices": [],
        "effects": [
            "+1 Ami Affection"
        ]
    },
    "progression": {
        "locations": [
            "Sensei House"
        ],
        "synopsis": "",
        "participating_characters": [
            "Sensei",
            "Haruka Hamasaki",
            "Ami Arakawa"
        ],
        "trivia": []
    },
    "technical_information": {
        "event_references": {
            "event_default_name": "Unfiltered Tap Water",
            "event_script_names": "harukainvite3",
            "event_missed_name": "Worms"
        },
        "backgrounds": [
            ""
        ],
        "music_tracks": [
            "acoustic.mp3"
        ],
        "changelog": [
            "This Event was added in Update .18p1."
        ]
    },
    "navigation": {
        "previous_event": "Sober-ish",
        "next_event": "The World Outside The Walls"
    }
}