{
    "event_id": "a_woman_s_heart",
    "event_title": "A Woman's Heart",
    "url": "https://www.lessonsinlove.wiki/index.php?title=A_Woman%27s_Heart",
    "event_type": "Event",
    "primary_character": "Sara Sakakibara",
    "chapter": "Chapter 1",
    "interactivity": {
        "requirements": "You must have seen or permanently missed the following Events: Seen \" Carry Me Home \" from Sana Sakakibara",
        "to_get_this_event": "Call Sara in the afternoon",
        "to_miss_this_event": "This event is not missable.",
        "choices": [],
        "effects": [
            "+1 Sara Affection"
        ]
    },
    "progression": {
        "locations": [
            "Kumon-Mi - Streets"
        ],
        "synopsis": "Sensei calls Sara and arranges to meet in town — outside the \"headquarters for some unfamiliar cell phone company\", since Sensei doesn't know many places. She appreciates his flirting, strange as it is, saying that it makes her feel young again. After walking around the city for a while, Sensei and Sara talk about Sensei's choice about what sort of relationship he wanted with her. Sara then asks for ideas to improve business at her bar, but Sensei doesn't have anything to offer beyond his own continued patronage. Sara tells Sensei that she enjoys spending time with him, and asks if they can meet like this again.",
        "participating_characters": [
            "Sensei",
            "Sara Sakakibara"
        ],
        "trivia": [
            "Based on your relationship with Sara till this point, the dialog may vary."
        ]
    },
    "technical_information": {
        "event_references": {
            "event_default_name": "A Woman's Heart",
            "event_script_names": "saradate1",
            "event_missed_name": "This event is not missable."
        },
        "backgrounds": [
            "saradate"
        ],
        "music_tracks": [
            "normalday.mp3"
        ],
        "changelog": [
            "This Event was added in Update 0.6."
        ]
    },
    "navigation": {
        "previous_event": null,
        "next_event": "Zero Friction"
    }
}