{
    "event_id": "medical_assistance",
    "event_title": "Medical Assistance",
    "url": "https://www.lessonsinlove.wiki/index.php?title=Medical_Assistance",
    "event_type": "Lust Event",
    "primary_character": "Sara Sakakibara",
    "chapter": "v0.10.8",
    "interactivity": {
        "requirements": "10 Sara Lust",
        "to_get_this_event": "Have 10+ Sara Lust before starting the event chain. Autoplays after \" Once, Twice, Ten Times \" . This event belongs to an event chain started from \" The Value of Sharing \" .",
        "to_miss_this_event": "Have less than 10 Lust before The Value of Sharing . Replaced by Almost Burning .",
        "choices": [],
        "effects": [
            "+1 Sara Lust"
        ]
    },
    "progression": {
        "locations": [
            "Sakaki-bar-a"
        ],
        "synopsis": "Sara brings Sensei to her room for some alone time.",
        "participating_characters": [
            "Sensei",
            "Sara Sakakibara"
        ],
        "trivia": []
    },
    "technical_information": {
        "event_references": {
            "event_default_name": "Medical Assistance",
            "event_script_names": "saralust10",
            "event_missed_name": "Almost Burning"
        },
        "backgrounds": [
            "",
            "saralustten"
        ],
        "music_tracks": [
            "asobeatsex5.mp3"
        ],
        "changelog": [
            "This Event was added in Update 0.10p1."
        ]
    },
    "navigation": {
        "previous_event": "A Mostly Empty Home",
        "next_event": "Uptown Girl"
    }
}