{
    "event_id": "a_fair_trade",
    "event_title": "A Fair Trade",
    "url": "https://www.lessonsinlove.wiki/index.php?title=A_Fair_Trade",
    "event_type": "Event",
    "primary_character": "Maki Miyamura",
    "chapter": "Chapter 2",
    "interactivity": {
        "requirements": "10 Maki Affection You must have seen or permanently missed the following Events: Seen Main Events up to \" Fireworks etc... \"",
        "to_get_this_event": "Visit the Porn Shop",
        "to_miss_this_event": "This event is not missable.",
        "choices": [
            {
                "context": null,
                "option": "A blowjob",
                "effect": "H-scene"
            },
            {
                "context": null,
                "option": "Your daughter’s hand in marriage",
                "effect": "Funny dialogue, lost H-scene"
            },
            {
                "context": null,
                "option": "An “upgrade” for the store",
                "effect": "Alternative dialogue, lost H-scene"
            }
        ],
        "effects": [
            "+1 Maki Affection"
        ]
    },
    "progression": {
        "locations": [
            "Porn Shop"
        ],
        "synopsis": "Sensei visits Maki at the porn shop. Maki thanks him for helping Makoto get over her recent troubles — Sensei is surprised, because nobody else (including Makoto herself) seemed to remember Makoto's pre- reset behavior at all. Maki offers Sensei a reward for his help.",
        "participating_characters": [
            "Sensei",
            "Maki Miyamura"
        ],
        "trivia": [
            "If you don't choose blowjob you'll miss future events",
            "Some dialogue changes during the H-scene based on whether or not you've seen Bad Kitty"
        ]
    },
    "technical_information": {
        "event_references": {
            "event_default_name": "A Fair Trade",
            "event_script_names": "makidate10",
            "event_missed_name": "This event is not missable."
        },
        "backgrounds": [
            "makifirstbj"
        ],
        "music_tracks": [
            "citylife.mp3"
        ],
        "changelog": [
            "This Event was added in Update 0.13p2."
        ]
    },
    "navigation": {
        "previous_event": "Maki Miyamura's Mom-Mode Mission",
        "next_event": "Three Afloat On One Raft"
    }
}