{
    "event_id": "three_afloat_on_one_raft",
    "event_title": "Three Afloat On One Raft",
    "url": "https://www.lessonsinlove.wiki/index.php?title=Three_Afloat_On_One_Raft",
    "event_type": "Event",
    "primary_character": "Maki Miyamura",
    "chapter": "Chapter 2",
    "interactivity": {
        "requirements": "None",
        "to_get_this_event": "Autoplay after Food Groups",
        "to_miss_this_event": "This event is not missable.",
        "choices": [],
        "effects": [
            "+1 Maki Affection"
        ]
    },
    "progression": {
        "locations": [
            "Shopping Mall"
        ],
        "synopsis": "Sensei and Maki talk about Makoto . Maki says that Makoto has been going back to her old self lately, and in fact, may be \"truly happy for the first time since her father left\". Maki has spoken to Makoto about her defeat in the dorm war quiz , which Maki thinks might actually be good for Makoto in the long run. Maki wants to know if Sensei thinks she has been a good mother to Makoto, and also tells him that Makoto has chosen him as her \"stand-in daddy\".",
        "participating_characters": [
            "Sensei",
            "Maki Miyamura"
        ],
        "trivia": []
    },
    "technical_information": {
        "event_references": {
            "event_default_name": "Three Afloat On One Raft",
            "event_script_names": "makiday351",
            "event_missed_name": "This event is not missable."
        },
        "backgrounds": [
            "makimalldate"
        ],
        "music_tracks": [
            "mall.mp3"
        ],
        "changelog": [
            "This Event was added in Update .19p1."
        ]
    },
    "navigation": {
        "previous_event": "A Fair Trade",
        "next_event": "Thank You For Your Business"
    }
}