{
    "event_id": "cold_air_of_an_encroaching_winter",
    "event_title": "Cold Air of an Encroaching Winter",
    "url": "https://www.lessonsinlove.wiki/index.php?title=Cold_Air_of_an_Encroaching_Winter",
    "event_type": "Event",
    "primary_character": "Ayane Amamiya",
    "chapter": "Chapter 1",
    "interactivity": {
        "requirements": "Not Thursday 25 Ayane Affection You must have seen or permanently missed the following Events: Seen \" Regularly Scheduled Programming \" from Ayane Amamiya",
        "to_get_this_event": "Visit Ayane's room",
        "to_miss_this_event": "This event is not missable.",
        "choices": [],
        "effects": [
            "+1 Ayane Affection"
        ]
    },
    "progression": {
        "locations": [
            "Bathhouse"
        ],
        "synopsis": "Ayane has reserved part of the bathhouse for just herself and Sensei . In the bath, Ayane proposes an \"experiment\" where they ask each other a question which they can't dodge or talk their way out of. Sensei agrees, but is worried that she'll ask about their relationship. Instead, she asks whether she would be a good mother, and is pleased when Sensei tells her that she would. Sensei asks his own question — if Kirin walked in on them during the beach vacation , he asks her to talk about that; if not, he asks her why she chose her question.",
        "participating_characters": [
            "Sensei",
            "Ayane Amamiya"
        ],
        "trivia": [
            "The conversation with Ayane changes depending on whether or not you have seen Prisoner ."
        ]
    },
    "technical_information": {
        "event_references": {
            "event_default_name": "Cold Air of an Encroaching Winter",
            "event_script_names": "ayanedorm25",
            "event_missed_name": "This event is not missable."
        },
        "backgrounds": [
            "ayanebathredux",
            "ayanesenseibath"
        ],
        "music_tracks": [
            "acoustic.mp3"
        ],
        "changelog": [
            "This Event was added in Update 0.10p2."
        ]
    },
    "navigation": {
        "previous_event": "Regularly Scheduled Programming",
        "next_event": "First and Second"
    }
}