{
    "event_id": "endless_torment",
    "event_title": "Endless Torment",
    "url": "https://www.lessonsinlove.wiki/index.php?title=Endless_Torment",
    "event_type": "Event",
    "primary_character": "Ayane Amamiya",
    "chapter": "Chapter 1",
    "interactivity": {
        "requirements": "20 Ayane Affection You must have seen or permanently missed the following Events: Seen \" First Words \" from Ayane Amamiya",
        "to_get_this_event": "Visit the Dojo",
        "to_miss_this_event": "This event is not missable.",
        "choices": [],
        "effects": [
            "+1 Ayane Affection"
        ]
    },
    "progression": {
        "locations": [
            "Dojo"
        ],
        "synopsis": "Sensei and Ayane are resting after sparring with their instructor at the dojo. Ayane tries to continue their karate roleplay , but Sensei would prefer to just rest. Ayane insists on holding on to Sensei no matter who might be watching, admitting that she has been \"feeling a little down lately\". She doesn't want to talk about why.",
        "participating_characters": [
            "Sensei",
            "Ayane Amamiya"
        ],
        "trivia": []
    },
    "technical_information": {
        "event_references": {
            "event_default_name": "Endless Torment",
            "event_script_names": "dojo20",
            "event_missed_name": "This event is not missable."
        },
        "backgrounds": [
            "ayanelay"
        ],
        "music_tracks": [
            ""
        ],
        "changelog": [
            "This Event was added in Update 0.6."
        ]
    },
    "navigation": {
        "previous_event": "Backwards Spider Crawl",
        "next_event": "Still Young"
    }
}