{
    "event_id": "regularly_scheduled_programming",
    "event_title": "Regularly Scheduled Programming",
    "url": "https://www.lessonsinlove.wiki/index.php?title=Regularly_Scheduled_Programming",
    "event_type": "Event",
    "primary_character": "Ayane Amamiya",
    "chapter": "Chapter 1",
    "interactivity": {
        "requirements": "25 Ayane Affection You must have seen or permanently missed the following Events: Seen Main Events up to \" Kadrillionbilliontrillion \" Seen \" Still Young \" from Ayane Amamiya",
        "to_get_this_event": "Visit the Dojo",
        "to_miss_this_event": "This event is not missable.",
        "choices": [],
        "effects": [
            "+1 Ayane Affection"
        ]
    },
    "progression": {
        "locations": [
            "Dojo"
        ],
        "synopsis": "At the dojo, the long-running battle continues. Ayane eventually defeats the Arakawa clan leader by deploying Todd the chicken, who has the ability to consume the life essence of others by simply looking at them. Afterwards, Ayane mentions that someone has been looking into buying the dojo — she is worried that it might close, although Sensei thinks it unlikely.",
        "participating_characters": [
            "Sensei",
            "Ayane Amamiya"
        ],
        "trivia": []
    },
    "technical_information": {
        "event_references": {
            "event_default_name": "Regularly Scheduled Programming",
            "event_script_names": "dojo25",
            "event_missed_name": "This event is not missable."
        },
        "backgrounds": [
            "battletwo"
        ],
        "music_tracks": [
            "prairie.mp3",
            "sakuya4.mp3"
        ],
        "changelog": [
            "This Event was added in Update 0.10p2."
        ]
    },
    "navigation": {
        "previous_event": "Prisoner",
        "next_event": "Cold Air of an Encroaching Winter"
    }
}