{
    "event_id": "legs_of_a_dying_spider",
    "event_title": "Legs of a Dying Spider",
    "url": "https://www.lessonsinlove.wiki/index.php?title=Legs_of_a_Dying_Spider",
    "event_type": "Event",
    "primary_character": "Futaba Fukuyama",
    "chapter": "Chapter 1",
    "interactivity": {
        "requirements": "None",
        "to_get_this_event": "Autoplays after \" Clam's Tongue \".",
        "to_miss_this_event": "This event is not missable.",
        "choices": [],
        "effects": [
            "+1 Futaba Affection"
        ]
    },
    "progression": {
        "locations": [
            "School Dorms - Room 4"
        ],
        "synopsis": "Sensei finds himself in Futaba 's room, the events leading up to it having been mostly a blur, and the event that unfolds afterward seems to be just as confusing between Sensei's inner monologues, Futaba's general lack of experience, and Sensei \"blacking out\".",
        "participating_characters": [
            "Sensei",
            "Futaba Fukuyama"
        ],
        "trivia": []
    },
    "technical_information": {
        "event_references": {
            "event_default_name": "Legs of a Dying Spider",
            "event_script_names": "futabadorm15",
            "event_missed_name": "This event is not missable."
        },
        "backgrounds": [
            "futabanewhj"
        ],
        "music_tracks": [
            "merrychristmasmrlawrence.mp3"
        ],
        "changelog": [
            "This Event was added in Update 0.24 (replaces A Lot Less Scary )."
        ]
    },
    "navigation": {
        "previous_event": "Clam's Tongue",
        "next_event": "Only Child"
    }
}