{
    "event_id": "like_fucking_a_cloud",
    "event_title": "Like Fucking a Cloud",
    "url": "https://www.lessonsinlove.wiki/index.php?title=Like_Fucking_a_Cloud",
    "event_type": "Lust Event",
    "primary_character": "Futaba Fukuyama",
    "chapter": "Chapter 1",
    "interactivity": {
        "requirements": "Friday 5 Futaba Lust You must be on at least Day  86  to unlock this Event.",
        "to_get_this_event": "Upon fulfilling all Requirements, this Event automatically occurs on the first Friday on or after Day 86.",
        "to_miss_this_event": "This event is not missable.",
        "choices": [],
        "effects": [
            "+1 Futaba Lust"
        ]
    },
    "progression": {
        "locations": [
            "Kumon-Mi High - Nurse's Office"
        ],
        "synopsis": "While his class has gym class, Sensei wanders the halls of the school, trying to find Futaba , who's randomly decided to ditch the period. He ends up finding her in the nurse's office and decides to spend the period keeping her company. The conversation drifts from topic to topic, eventually landing on them discussing the sorts of dreams they have, specifically Sensei's. Inspired by one in particular, he suggests an idea to Futaba, which she reluctantly agrees to.",
        "participating_characters": [
            "Sensei",
            "Futaba Fukuyama"
        ],
        "trivia": [
            "Since this is Futaba's first Lust Event, you can change the nickname she calls you. The list of names that result in altered interactions can be found here ."
        ]
    },
    "technical_information": {
        "event_references": {
            "event_default_name": "Like Fucking a Cloud",
            "event_script_names": "day86",
            "event_missed_name": "This event is not missable."
        },
        "backgrounds": [
            "futabanurse"
        ],
        "music_tracks": [
            "sweetvermouth.mp3"
        ],
        "changelog": [
            "This Event was added in Update 0.5."
        ]
    },
    "navigation": {
        "previous_event": "Two Hours",
        "next_event": "Under the Table"
    }
}