{
    "event_id": "shadowplay",
    "event_title": "Shadowplay",
    "url": "https://www.lessonsinlove.wiki/index.php?title=Shadowplay",
    "event_type": "Event",
    "primary_character": "Futaba Fukuyama",
    "chapter": "Chapter 2",
    "interactivity": {
        "requirements": "40 Futaba Affection You must have seen or permanently missed the following Events: Seen \" Skin (Start Somewhere) \" from Futaba Fukuyama Seen \" Abyss \" from Yumi Yamaguchi Seen \" Clouds \" from Kaori Kadowaki",
        "to_get_this_event": "Visit the Library",
        "to_miss_this_event": "This event is not missable.",
        "choices": [],
        "effects": [
            "+1 Futaba Affection"
        ]
    },
    "progression": {
        "locations": [
            "Kumon-Mi High"
        ],
        "synopsis": "Futaba is talking to her parents on the phone — it seems that they will not be able to visit her after all. Afterwards, Futaba tells Sensei that her gym visit went well. They have different opinions about whether it is worth taking a harder path for the sake of improving yourself. She finally tells him about her eating disorder. He thanks her for confiding in him, although declines her offer to share any of his own insecurities. The conversation turns back to the gym, and Sensei mentions that the \" scary blonde woman \" there was Yumi 's mother.",
        "participating_characters": [
            "Sensei",
            "Futaba Fukuyama"
        ],
        "trivia": []
    },
    "technical_information": {
        "event_references": {
            "event_default_name": "Shadowplay",
            "event_script_names": "library40",
            "event_missed_name": "This event is not missable."
        },
        "backgrounds": [
            "futabaphonemom"
        ],
        "music_tracks": [
            "justlights.mp3"
        ],
        "changelog": [
            "This Event was added in Update .18p1."
        ]
    },
    "navigation": {
        "previous_event": "Skin (Start Somewhere)",
        "next_event": "Without Running Away"
    }
}