{
    "event_id": "too_blind_to_see",
    "event_title": "Too Blind To See",
    "url": "https://www.lessonsinlove.wiki/index.php?title=Too_Blind_To_See",
    "event_type": "Invite Event",
    "primary_character": "Futaba Fukuyama",
    "chapter": "Chapter 3",
    "interactivity": {
        "requirements": "You must have seen or permanently missed the following Events: Seen \" Bestial Vigor \" from Futaba Fukuyama",
        "to_get_this_event": "Invite Futaba over after all Requirements have been fulfilled.",
        "to_miss_this_event": "This event is not missable.",
        "choices": [],
        "effects": [
            "+10 Futaba Affection"
        ]
    },
    "progression": {
        "locations": [
            "Sensei's House",
            "Sensei's House - Sensei's Bedroom"
        ],
        "synopsis": "Futaba arrives at Sensei's house, carrying her school bag, and a wavering bit of courage. Before her and Sensei get started, she asks him to let her get 'ready', which he agrees to. Stepping into Sensei's room, Futaba struggles to maintain her resolve, calling Nodoka to help hype her up. Afterwards, she calls Sensei in.",
        "participating_characters": [
            "Sensei",
            "Futaba Fukuyama"
        ],
        "trivia": [
            "In addition to the usual affection increases, the game reports that Futaba's self-esteem increases by one."
        ]
    },
    "technical_information": {
        "event_references": {
            "event_default_name": "Too Blind To See",
            "event_script_names": "futabainvite3",
            "event_missed_name": "This event is not missable."
        },
        "backgrounds": [
            "futabafinallyfucks"
        ],
        "music_tracks": [
            "behindabathroom.mp3"
        ],
        "changelog": [
            "This Event was added in Update .26p1."
        ]
    },
    "navigation": {
        "previous_event": "Bestial Vigor",
        "next_event": "Toys"
    }
}