{
    "event_id": "two_hours",
    "event_title": "Two Hours",
    "url": "https://www.lessonsinlove.wiki/index.php?title=Two_Hours",
    "event_type": "Event",
    "primary_character": "Futaba Fukuyama",
    "chapter": "Chapter 1",
    "interactivity": {
        "requirements": "Weekends You must have seen or permanently missed the following Events: Seen \" A Book About Dragons \" from Futaba Fukuyama",
        "to_get_this_event": "Visit Futaba at the School Dorms after all Requirements have been fulfilled.",
        "to_miss_this_event": "This event is not missable.",
        "choices": [],
        "effects": [
            "+1 Futaba Affection"
        ]
    },
    "progression": {
        "locations": [
            "Newly Opened Bookstore"
        ],
        "synopsis": "Sensei and Futaba go on their \"date\" to a bookstore, which Futaba is very excited to see. She confesses her feelings for Sensei even though he already knows — she wants to say it out loud for once. She has trouble believing that Sensei might honestly like her back, but would like to keep what they have anyway. Sensei tells her that he can't reciprocate her love yet, because she currently lacks the confidence for a deeper relationship to work, but says that he'll be there for her as she tries to become happier with who she is.",
        "participating_characters": [
            "Sensei",
            "Futaba Fukuyama"
        ],
        "trivia": []
    },
    "technical_information": {
        "event_references": {
            "event_default_name": "Two Hours",
            "event_script_names": "futabadorm25",
            "event_missed_name": "This event is not missable."
        },
        "backgrounds": [
            "bookdateredux",
            "joyoflife"
        ],
        "music_tracks": [
            "kimitoakinobouken.mp3",
            "streetnoise.mp3"
        ],
        "changelog": [
            "This Event was added in Update 0.5."
        ]
    },
    "navigation": {
        "previous_event": "A Book About Dragons",
        "next_event": "Like Fucking a Cloud"
    }
}