{
    "event_id": "tendrils_of_flame",
    "event_title": "Tendrils of Flame",
    "url": "https://www.lessonsinlove.wiki/index.php?title=Tendrils_of_Flame",
    "event_type": "Event",
    "primary_character": "Karin Kanda",
    "chapter": "Chapter 2",
    "interactivity": {
        "requirements": "15 Karin Affection You must have seen or permanently missed the following Events: Seen Main Events up to \" What Was \"",
        "to_get_this_event": "Visit the Soccer Field",
        "to_miss_this_event": "This event is not missable.",
        "choices": [],
        "effects": [
            "+1 Karin Affection"
        ]
    },
    "progression": {
        "locations": [
            "School"
        ],
        "synopsis": "Soccer practice has been cancelled, but Karin is there anyway because she guessed that Sensei doesn't read his emails and would be there too. He suggests that it would be easier for her to just text him. He asks if they can go somewhere warmer, and Karin shows him a place. Sensei asks about her early life, and she tells him that her oldest memory involves her sister — he isn't surprised. Karin wants to keep improving her ability to talk to him, and will try to summon the courage to arrange something via text message.",
        "participating_characters": [
            "Sensei",
            "Karin Kanda"
        ],
        "trivia": [
            "The conversation varies depending on whether or not Sensei was honest when Karin asked him if anything was happening between him and her sister."
        ]
    },
    "technical_information": {
        "event_references": {
            "event_default_name": "Tendrils of Flame",
            "event_script_names": "karinsoccer15",
            "event_missed_name": "This event is not missable."
        },
        "backgrounds": [
            "karinoutage"
        ],
        "music_tracks": [
            "retrospect.mp3"
        ],
        "changelog": [
            "This Event was added in Update 0.14."
        ]
    },
    "navigation": {
        "previous_event": "Dying Alone With Ten Cats",
        "next_event": "The Adventures of Karli & Steve"
    }
}