{
    "event_id": "semblance_of_a_soul",
    "event_title": "Semblance of a Soul",
    "url": "https://www.lessonsinlove.wiki/index.php?title=Semblance_of_a_Soul",
    "event_type": "Lust Event",
    "primary_character": "Makoto Miyamura",
    "chapter": "Chapter 2",
    "interactivity": {
        "requirements": "You must be on at least Day  230  to unlock this Event. 10 Makoto Lust You must have seen or permanently missed the following Events: Seen Main Events up to \" Fireworks etc... \"",
        "to_get_this_event": "Upon fulfilling all Requirements, this Event automatically occurs on the first weekday on or after Day 230.",
        "to_miss_this_event": "This event is not missable.",
        "choices": [],
        "effects": [
            "+1 Makoto Lust"
        ]
    },
    "progression": {
        "locations": [
            "Kumon-Mi High - Sensei's Office"
        ],
        "synopsis": "Having been forced to run some errands for another teacher, Makoto and Sensei find themselves in Sensei's office late into the evening. Not wanting to brave the cold quite yet, the two of them decide to spend some time alone together first. Before anything, though, Sensei's finds himself suddenly curious why Makoto seems to admire him so much, even after he revealed his true self to her. She tells him that, despite hiding behind layers of sarcasm and apathy, she feels there's \"some semblance of a soul\" buried inside him - Plus, he doesn't have much competition.",
        "participating_characters": [
            "Sensei",
            "Makoto Miyamura"
        ],
        "trivia": []
    },
    "technical_information": {
        "event_references": {
            "event_default_name": "Semblance of a Soul",
            "event_script_names": "makotolust10",
            "event_missed_name": "This event is not missable."
        },
        "backgrounds": [
            "makotolustten"
        ],
        "music_tracks": [
            ""
        ],
        "changelog": [
            "This Event was added in Update 0.12p1."
        ]
    },
    "navigation": {
        "previous_event": "Bluejay",
        "next_event": "Condoms in the Sand"
    }
}