{
    "event_id": "service_charge",
    "event_title": "Service Charge",
    "url": "https://www.lessonsinlove.wiki/index.php?title=Service_Charge",
    "event_type": "Event",
    "primary_character": "Makoto Miyamura",
    "chapter": "Chapter 1",
    "interactivity": {
        "requirements": "20 Makoto Affection You must have seen or permanently missed the following Events: Seen \" Residual Sadness \" from Makoto Miyamura",
        "to_get_this_event": "Visit Makoto at the Porn Shop after all Requirements have been fulfilled.",
        "to_miss_this_event": "This event is not missable.",
        "choices": [],
        "effects": [
            "+1 Makoto Affection"
        ]
    },
    "progression": {
        "locations": [
            "Porn Shop",
            "Porn Shop - Back Room"
        ],
        "synopsis": "In an effort to annoy Makoto , Sensei repeatedly attempts to make a purchase.",
        "participating_characters": [
            "Sensei",
            "Makoto Miyamura"
        ],
        "trivia": []
    },
    "technical_information": {
        "event_references": {
            "event_default_name": "Service Charge",
            "event_script_names": "pornshop25",
            "event_missed_name": "This event is not missable."
        },
        "backgrounds": [
            "makotoona"
        ],
        "music_tracks": [
            "citylife.mp3"
        ],
        "changelog": [
            "This Event was added in Update 0.10p2."
        ]
    },
    "navigation": {
        "previous_event": "Residual Sadness",
        "next_event": "Bluejay"
    }
}