{
    "event_id": "something_somewhere",
    "event_title": "Something, Somewhere",
    "url": "https://www.lessonsinlove.wiki/index.php?title=Something,_Somewhere",
    "event_type": "Event",
    "primary_character": "Makoto Miyamura",
    "chapter": "v0.16.5",
    "interactivity": {
        "requirements": "None",
        "to_get_this_event": "Autoplays after \" To Sleep, Perchance to Dream \" . This event is the final event in an event chain started from \" Condoms in the Sand \" .",
        "to_miss_this_event": "This event is not missable.",
        "choices": [],
        "effects": [
            "+5 Makoto Affection"
        ]
    },
    "progression": {
        "locations": [
            "Sensei's House - Living Room"
        ],
        "synopsis": "Sensei , Makoto , and Miku finish their stay at the beach. Makoto ends up at Sensei's place. She says that she had a good time, but suspects that any improvements to Sensei's behavior during the trip won't last. She tells him that she has been having vivid, recurring dreams about jumping from somewhere, and that she has a \"shadow\" inside her prompting her to do bad things. She\nsays that she's too strong to ever give in to it, but that she does have limits. Sensei tells her that he doesn't expect her to always be calm and composed, and that she can take time off class and helping him if she needs it. Before she goes, Makoto asks him to be honest about the fact that he's also in relationships with other people — he confirms her suspicions.",
        "participating_characters": [
            "Sensei",
            "Makoto Miyamura"
        ],
        "trivia": []
    },
    "technical_information": {
        "event_references": {
            "event_default_name": "Something, Somewhere",
            "event_script_names": "makotowinterbeach4",
            "event_missed_name": "This event is not missable."
        },
        "backgrounds": [
            "wintersky",
            "makotocomeshome"
        ],
        "music_tracks": [
            "starvingtodeathoutofreachofthesun.mp3"
        ],
        "changelog": [
            "This Event was added in Update .16p1."
        ]
    },
    "navigation": {
        "previous_event": "I'm Not Here",
        "next_event": "Hot Water"
    }
}