{
    "event_id": "studious_teen_virgin",
    "event_title": "Studious Teen Virgin",
    "url": "https://www.lessonsinlove.wiki/index.php?title=Studious_Teen_Virgin",
    "event_type": "Invite Event",
    "primary_character": "Makoto Miyamura",
    "chapter": "Chapter 1",
    "interactivity": {
        "requirements": "You must have seen or permanently missed the following Events: Seen \" Declaration of War \" from Makoto Miyamura",
        "to_get_this_event": "Invite Makoto Over",
        "to_miss_this_event": "This event is not missable.",
        "choices": [],
        "effects": [
            "+3 Makoto Lust"
        ]
    },
    "progression": {
        "locations": [
            "Sensei's House",
            "Sensei's House - Sensei's Bedroom"
        ],
        "synopsis": "Sensei invites Makoto to his house again, and to avoid a repeat of last time , he sends Ami on an errand to buy things which don't actually exist. Makoto knows why Sensei wants to see her, but doesn't like his blunt approach — she tells him that he should at least be nice to her when trying to be intimate with her, and hopes that one day he'll treat her more like a girl than a toy. Much to Makoto's aggravation, Sensei continues to refuse deepening their relationship. She proposes something \"pretty close\" as a consolation.",
        "participating_characters": [
            "Sensei",
            "Makoto Miyamura"
        ],
        "trivia": []
    },
    "technical_information": {
        "event_references": {
            "event_default_name": "Studious Teen Virgin",
            "event_script_names": "makotoinvite2",
            "event_missed_name": "This event is not missable."
        },
        "backgrounds": [
            "makotofirstinvlust"
        ],
        "music_tracks": [
            "asobeatsex5.mp3"
        ],
        "changelog": [
            "This Event was added in Update 0.9p2."
        ]
    },
    "navigation": {
        "previous_event": "Declaration of War",
        "next_event": "Aftermath"
    }
}