{
    "event_id": "bleed",
    "event_title": "Bleed",
    "url": "https://www.lessonsinlove.wiki/index.php?title=Bleed",
    "event_type": "Event",
    "primary_character": "Chika Chosokabe",
    "chapter": "v0.15.2",
    "interactivity": {
        "requirements": "None",
        "to_get_this_event": "Autoplays after \" Little Miracles \" , the event that started the chain.",
        "to_miss_this_event": "This event is not missable.",
        "choices": [],
        "effects": [
            "Chika has acquired a new mother!"
        ]
    },
    "progression": {
        "locations": [
            "Tsukioka Onsen"
        ],
        "synopsis": "Chika is joined in the hot spring by Tsubasa . They talk about Chika's relationship with Sensei, and how it differs from Tsubasa's relationship with her husband — Tsubasa says that her husband is a good man, but she never had the kind of love that Chika does. Tsubasa would like to know how Chika's first time goes. Tsukasa joins them until her mother gets annoyed at her. Chika appreciates her conversation with Tsubasa, and accepts Tsubasa's advice to directly spell out her feelings for Sensei.",
        "participating_characters": [
            "Chika Chosokabe",
            "Tsukasa Tsukioka",
            "Tsubasa Tsukioka"
        ],
        "trivia": []
    },
    "technical_information": {
        "event_references": {
            "event_default_name": "Bleed",
            "event_script_names": "chikaonsen2",
            "event_missed_name": "This event is not missable."
        },
        "backgrounds": [
            "chikaonsen"
        ],
        "music_tracks": [
            "gentle.mp3"
        ],
        "changelog": [
            "This Event was added in Update .15p1."
        ]
    },
    "navigation": {
        "previous_event": "Little Miracles",
        "next_event": "Three Words"
    }
}