{
    "event_id": "mouthjob",
    "event_title": "Mouthjob",
    "url": "https://www.lessonsinlove.wiki/index.php?title=Mouthjob",
    "event_type": "Event",
    "primary_character": "Noriko Nakayama",
    "chapter": "Chapter 2",
    "interactivity": {
        "requirements": "5 Noriko Affection You must have seen or permanently missed the following Events: Seen \" Semi-Constructive Criticism \" from Noriko Nakayama Seen \" Unpaid Promotion \" from Molly MacCormack",
        "to_get_this_event": "Visit the Convenience Store",
        "to_miss_this_event": "This event is not missable.",
        "choices": [],
        "effects": [
            "+1 Noriko Affection"
        ]
    },
    "progression": {
        "locations": [
            "Convenience Store"
        ],
        "synopsis": "Sensei visits Noriko at the convenience store again (deliberately, this time). They talk about her job, and she mentions the possibility of going to work at the same maid cafe as Ami and Uta . She thinks she would be able to \"bring both the childhood friend trope and the little sister trope to the table\", and discovers that it's harder to get her mind off Sensei being her Onii-chan than she thought. Noriko also asks Sensei if there's any chance of Nodoka moving into Sensei's class.",
        "participating_characters": [
            "Sensei",
            "Noriko Nakayama"
        ],
        "trivia": [
            "If Sensei declared himself to be a proud brony , Noriko has heard about it from Kirin — she doesn't seem to mind. Otherwise, a reprise of Molly 's unpaid promotion is briefly threatened."
        ]
    },
    "technical_information": {
        "event_references": {
            "event_default_name": "Mouthjob",
            "event_script_names": "convenience5",
            "event_missed_name": "This event is not missable."
        },
        "backgrounds": [
            "norikobreak"
        ],
        "music_tracks": [
            "noriko.mp3"
        ],
        "changelog": [
            "This Event was added in Update 0.14."
        ]
    },
    "navigation": {
        "previous_event": "Semi-Constructive Criticism",
        "next_event": "Kind Of, Yes. Kind Of, No."
    }
}