{
    "event_id": "semantics",
    "event_title": "Semantics",
    "url": "https://www.lessonsinlove.wiki/index.php?title=Semantics",
    "event_type": "Event",
    "primary_character": "Rin Rokuhara",
    "chapter": "Chapter 2",
    "interactivity": {
        "requirements": "Weekdays except Tuesday 40 Rin Affection You must have seen or permanently missed the following Events: Seen \" Sketchy Basement \" from Rin Rokuhara",
        "to_get_this_event": "Visit Rin at the School Dorms after all Requirements have been fulfilled.",
        "to_miss_this_event": "This event is not missable.",
        "choices": [],
        "effects": [
            "+1 Rin Affection"
        ]
    },
    "progression": {
        "locations": [
            "School Dorms - Room 4"
        ],
        "synopsis": "Rin and Futaba have just finished redecorating their dorm room. Rin is full of energy and enthusiasm, and eventually reveals that she has arranged to go an arcade with Otoha — she calls it a date, although she didn't say that to Otoha, and acknowledges that she doesn't actually know if Otoha is into girls yet. Rin is a bit nervous about how it will go, and Sensei and Futaba try to reassure her.",
        "participating_characters": [
            "Sensei",
            "Rin Rokuhara",
            "Futaba Fukuyama"
        ],
        "trivia": [
            "There is variation in the dialogue depending on the following: If Sensei broke his promise to Rin by seeing Schadenfreude before What's Done is Done . If Sensei has seen Ahead of the Curve .",
            "If Sensei broke his promise to Rin by seeing Schadenfreude before What's Done is Done .",
            "If Sensei has seen Ahead of the Curve ."
        ]
    },
    "technical_information": {
        "event_references": {
            "event_default_name": "Semantics",
            "event_script_names": "rindorm40",
            "event_missed_name": "This event is not missable."
        },
        "backgrounds": [
            "rinfutabanewdorm"
        ],
        "music_tracks": [
            "sweetvermouth.mp3"
        ],
        "changelog": [
            "This Event was added in Update 0.13p2."
        ]
    },
    "navigation": {
        "previous_event": "Sketchy Basement",
        "next_event": "Debatably Bisexual Musicians"
    }
}