{
    "event_id": "skulls",
    "event_title": "Skulls",
    "url": "https://www.lessonsinlove.wiki/index.php?title=Skulls",
    "event_type": "Event",
    "primary_character": "Rin Rokuhara",
    "chapter": "Chapter 1",
    "interactivity": {
        "requirements": "5 Rin Affection You must have seen or permanently missed the following Events: Seen \" The Flavor of Love \" from Rin Rokuhara",
        "to_get_this_event": "Visit Rin's dorm room on any day except Wednesday for the first time.",
        "to_miss_this_event": "This event is not missable.",
        "choices": [],
        "effects": [
            "+1 Rin Affection"
        ]
    },
    "progression": {
        "locations": [
            "Rin’s room"
        ],
        "synopsis": "Arriving in the first floor dorm hallway, Sensei knocks on Rin 's door, hoping that she's inside. Rin steps out shortly, asking why Sensei is knocking on her door when she'd expect him to be literally anywhere else, and he comments he just wants to see his favorite barista - to which Rin gets defensive when he tries to joke about possible having others . Once letting him inside, Rin jokes about Sensei mugging her, which he catches onto and plays along with. When Sensei makes the atmosphere awkward unintentionally, Rin tells him not to look behind her, only for him to see, set upon a shelf above her bed, what appear to be real human skulls. Sensei tries to shift the conversation to Rin's other hobbies, but it proves to be a bit more difficult than he first thought when Rin, now privy to Sensei's knowledge of her skulls, casually tosses out a murder joke, at which point he awkwardly turns the conversation to the topic of Rin's music skills, only for Rin to be shellshocked to find out Sensei does not listen to music at all . After that, Sensei quickly bids Rin farewell and leave the dorms to go home and go to bed.",
        "participating_characters": [
            "Sensei",
            "Rin Rokuhara"
        ],
        "trivia": []
    },
    "technical_information": {
        "event_references": {
            "event_default_name": "Skulls",
            "event_script_names": "rinfirstvisit",
            "event_missed_name": "This event is not missable."
        },
        "backgrounds": [
            "skullsredux"
        ],
        "music_tracks": [
            "sweetvermouth.mp3"
        ],
        "changelog": [
            "This Event was added in Update 0.1."
        ]
    },
    "navigation": {
        "previous_event": "Locked Out",
        "next_event": "Rin's Secret"
    }
}