{
    "event_id": "the_paragon_of_not_worrying_about_stuff",
    "event_title": "The Paragon of Not Worrying About Stuff",
    "url": "https://www.lessonsinlove.wiki/index.php?title=The_Paragon_of_Not_Worrying_About_Stuff",
    "event_type": "Event",
    "primary_character": "Rin Rokuhara",
    "chapter": "Chapter 2",
    "interactivity": {
        "requirements": "50 Rin Affection You must have seen or permanently missed the following Events: Seen Main Events up to \" All is Bright. All is Beautiful. \"",
        "to_get_this_event": "Visit the Koi Cafe",
        "to_miss_this_event": "This event is not missable.",
        "choices": [],
        "effects": [
            "+1 Rin Affection"
        ]
    },
    "progression": {
        "locations": [
            "Koi Cafe"
        ],
        "synopsis": "Rin wants to remind Sensei that she has a girlfriend now. Haruka would rather that she got back to work, and talks to Sensei while Rin does so. They are interrupted when Rin freezes and drops a cup. Rin claims that it was nothing, but Haruka suggests that she take a break and talk to Sensei for a while. Rin spends the whole time talking about Otoha — she seems very confident about the future, but Sensei thinks that something feels off.",
        "participating_characters": [
            "Sensei",
            "Rin Rokuhara",
            "Haruka Hamasaki"
        ],
        "trivia": [
            "There is some minor variation based on Sensei's relationship with Haruka."
        ]
    },
    "technical_information": {
        "event_references": {
            "event_default_name": "The Paragon of Not Worrying About Stuff",
            "event_script_names": "cafe50",
            "event_missed_name": "This event is not missable."
        },
        "backgrounds": [
            "cafefifty"
        ],
        "music_tracks": [
            "cafe.mp3"
        ],
        "changelog": [
            "This Event was added in Update 0.20p1."
        ]
    },
    "navigation": {
        "previous_event": "The Art of Never Knowing",
        "next_event": "Technicolored Happiness Explosion"
    }
}