{
    "event_id": "the_happiest_girl_in_the_world",
    "event_title": "The Happiest Girl in the World",
    "url": "https://www.lessonsinlove.wiki/index.php?title=The_Happiest_Girl_in_the_World",
    "event_type": "Event",
    "primary_character": "Rin Rokuhara",
    "chapter": "Chapter 2",
    "interactivity": {
        "requirements": "You must have seen or permanently missed the following Events: Seen \" Lifejacket \" from Rin Rokuhara",
        "to_get_this_event": "Call Rin at night",
        "to_miss_this_event": "See Schadenfreude prior to What's Done is Done . Replaced by The Raw Sting of Lacerated Skin after seeing Lifejacket .",
        "choices": [],
        "effects": [
            "+1 Rin Affection"
        ]
    },
    "progression": {
        "locations": [
            "Kumon-Mi"
        ],
        "synopsis": "Rin wants to meet Sensei in the city. She says that she values his advice, despite him telling her that she probably shouldn't. They talk about Rin's arm, the nature of pain, and what Rin was thinking about when she did it. Rin says that she is worried about ruining things with Otoha by pushing too much, and wants to know how Sensei managed to refrain from pursuing Chika when Rin asked him not to — or how he refrained from pursuing Rin herself. Sensei offers a few tips, some more helpful than others.",
        "participating_characters": [
            "Sensei",
            "Rin Rokuhara"
        ],
        "trivia": [
            "Good Homie Route"
        ]
    },
    "technical_information": {
        "event_references": {
            "event_default_name": "The Happiest Girl in the World",
            "event_script_names": "rindate50",
            "event_missed_name": "The Raw Sting of Lacerated Skin"
        },
        "backgrounds": [
            "rinhappynight"
        ],
        "music_tracks": [
            "lastdailysong.mp3"
        ],
        "changelog": [
            "This Event was added in Update 0.20p1."
        ]
    },
    "navigation": {
        "previous_event": "Lifejacket",
        "next_event": "Disaster Lesbian"
    }
}