{
    "event_id": "giant_pool_of_jell_o",
    "event_title": "Giant Pool of Jell-O",
    "url": "https://www.lessonsinlove.wiki/index.php?title=Giant_Pool_of_Jell-O",
    "event_type": "Event",
    "primary_character": "Chinami Chosokabe",
    "chapter": "Chapter 2",
    "interactivity": {
        "requirements": "10 Chinami Affection You must have seen or permanently missed the following Events: Seen Main Events up to \" Fireworks etc... \"",
        "to_get_this_event": "Call Chinami in the morning",
        "to_miss_this_event": "This event is not missable.",
        "choices": [],
        "effects": [
            "+1 Chinami Affection"
        ]
    },
    "progression": {
        "locations": [
            "Chosokabe Flat"
        ],
        "synopsis": "Sensei goes to visit Chinami again, although only after she promises to stop endangering him with talk about Chika having a baby. Chinami has been expanding her business activities , and they talk about what Chinami will do when she is rich. Chinami wants to go outside, which Sensei doesn't think is a good idea until Chinami corrects his misapprehension about how far.",
        "participating_characters": [
            "Sensei",
            "Chinami Chosokabe"
        ],
        "trivia": []
    },
    "technical_information": {
        "event_references": {
            "event_default_name": "Giant Pool of Jell-O",
            "event_script_names": "chinamidate10",
            "event_missed_name": "This event is not missable."
        },
        "backgrounds": [
            "chinamibalcony"
        ],
        "music_tracks": [
            "happyandplotting.mp3"
        ],
        "changelog": [
            "This Event was added in Update 0.13p2."
        ]
    },
    "navigation": {
        "previous_event": "Chinami-Corp",
        "next_event": "Pool Party (Love & Puppies)"
    }
}