{
    "event_id": "pool_party_love_puppies_",
    "event_title": "Pool Party (Love & Puppies)",
    "url": "https://www.lessonsinlove.wiki/index.php?title=Pool_Party_(Love_%26_Puppies)",
    "event_type": "Event",
    "primary_character": "Chinami Chosokabe",
    "chapter": "Chapter 2",
    "interactivity": {
        "requirements": "15 Chinami Affection You must have seen or permanently missed the following Events: Seen Main Events up to \" Permission Slip \"",
        "to_get_this_event": "Call Chinami in the morning",
        "to_miss_this_event": "This event is not missable.",
        "choices": [],
        "effects": [
            "+1 Chinami Affection"
        ]
    },
    "progression": {
        "locations": [
            "Chosokabe Flat"
        ],
        "synopsis": "Chinami is having a \"pool party\" in the middle of winter, and Chika invites Sensei . Yumi is not pleased to be found in the kiddie pool with Chinami, and leaves — Chika goes after her. After talking about puppies for a bit, Chinami explains that the pool party is being held because Chinami won't be able to go to the beach with everyone else. She has been looking up information on her condition, although Sensei tries to tell her not to rely on it. They talk about Chinami's future life until Chika gets back.",
        "participating_characters": [
            "Sensei",
            "Chinami Chosokabe",
            "Chika Chosokabe",
            "Yumi Yamaguchi"
        ],
        "trivia": []
    },
    "technical_information": {
        "event_references": {
            "event_default_name": "Pool Party (Love & Puppies)",
            "event_script_names": "chinamidate15",
            "event_missed_name": "This event is not missable."
        },
        "backgrounds": [
            "chinamipoolparty"
        ],
        "music_tracks": [
            "happyandplotting.mp3",
            "starvingtodeathoutofreachofthesun.mp3"
        ],
        "changelog": [
            "This Event was added in Update .19p1."
        ]
    },
    "navigation": {
        "previous_event": "Giant Pool of Jell-O",
        "next_event": "Happy Hour"
    }
}