{
    "event_id": "scaredy_cat",
    "event_title": "Scaredy Cat",
    "url": "https://www.lessonsinlove.wiki/index.php?title=Scaredy_Cat",
    "event_type": "Event",
    "primary_character": "Miku Maruyama",
    "chapter": "Chapter 1",
    "interactivity": {
        "requirements": "25 Miku Affection You must have seen or permanently missed the following Events: Seen \" Thighs On-Demand \" from Miku Maruyama",
        "to_get_this_event": "Visit Miku's room",
        "to_miss_this_event": "This event is not missable.",
        "choices": [],
        "effects": [
            "+1 Miku Affection"
        ]
    },
    "progression": {
        "locations": [
            "School Dorms - Room 3"
        ],
        "synopsis": "Miku is sitting on her bed lightly massaging her thighs, and Sensei complains that she is stealing his job. Miku says that Makoto wouldn't be happy if she saw Sensei doing it, and compares her appearance unfavorably with that of Makoto. She is also nervous about the possibility of Sensei responding to her like he has in the past . She eventually lets Sensei try it, but after a while, she asks him to stop. She tells him that although his \"massage\" felt good, she is uncomfortable with how fast things are going.",
        "participating_characters": [
            "Sensei",
            "Miku Maruyama"
        ],
        "trivia": []
    },
    "technical_information": {
        "event_references": {
            "event_default_name": "Scaredy Cat",
            "event_script_names": "mikudorm25",
            "event_missed_name": "This event is not missable."
        },
        "backgrounds": [
            "mikuthighs"
        ],
        "music_tracks": [
            "love.mp3"
        ],
        "changelog": [
            "This Event was added in Update 0.10p2."
        ]
    },
    "navigation": {
        "previous_event": "Thighs On-Demand",
        "next_event": "An Extra Set of Arms"
    }
}