{
    "event_id": "thighs_on_demand",
    "event_title": "Thighs On-Demand",
    "url": "https://www.lessonsinlove.wiki/index.php?title=Thighs_On-Demand",
    "event_type": "Event",
    "primary_character": "Miku Maruyama",
    "chapter": "Chapter 1",
    "interactivity": {
        "requirements": "25 Miku Affection You must have seen or permanently missed the following Events: Seen Main Events up to \" Kadrillionbilliontrillion \" Seen \" Moments Like This \" from Miku Maruyama",
        "to_get_this_event": "Visit the Soccer Field",
        "to_miss_this_event": "This event is not missable.",
        "choices": [],
        "effects": [
            "+1 Miku Affection"
        ]
    },
    "progression": {
        "locations": [
            "Gym Storage"
        ],
        "synopsis": "Sensei and Miku are on clean-up duty in the storage shed. Sensei points out that, despite Miku using it as inducement, he hasn't actually massaged any of the girls since becoming coach. Miku tells him to \"just walk up to anybody\" and ask — but not her, since she doesn't have \"experience in the sexy-department\". Even so, she ends up feeling \"butterflies\" when she gets up on his shoulders to reach some soccer balls. Afterward, she massages Sensei's shoulders for him, but says that she \"can't be lettin' things get any weirder\" with him because she knows Makoto really likes him.",
        "participating_characters": [
            "Sensei",
            "Miku Maruyama"
        ],
        "trivia": []
    },
    "technical_information": {
        "event_references": {
            "event_default_name": "Thighs On-Demand",
            "event_script_names": "soccer25",
            "event_missed_name": "This event is not missable."
        },
        "backgrounds": [
            "mikushed"
        ],
        "music_tracks": [
            "retrospect.mp3"
        ],
        "changelog": [
            "This Event was added in Update 0.10p2."
        ]
    },
    "navigation": {
        "previous_event": "Coach",
        "next_event": "Scaredy Cat"
    }
}