{
    "event_id": "you_and_me_and_the_night",
    "event_title": "You and Me and the Night",
    "url": "https://www.lessonsinlove.wiki/index.php?title=You_and_Me_and_the_Night",
    "event_type": "Event",
    "primary_character": "Miku Maruyama",
    "chapter": "Chapter 1",
    "interactivity": {
        "requirements": "10 Miku Affection You must have seen or permanently missed the following Events: Seen \" Nightvision \" from Miku Maruyama",
        "to_get_this_event": "Visit Miku's dorm room on any day except Tuesday after all Requirements have been fulfilled.",
        "to_miss_this_event": "This event is not missable.",
        "choices": [],
        "effects": [
            "+1 Miku Affection"
        ]
    },
    "progression": {
        "locations": [
            "Miku’s room"
        ],
        "synopsis": "Sensei arrives in the first floor dorm hallway and knocks on Miku 's door. He waits a minute, then knocks again, guessing that Miku is in the room but choosing not to respond. After a moment, Miku calls out, and Sensei tells her he wants to come in. He rhetorically asks her whether she thought he'd avoid her after her recent episode , and when she says yes, he becomes concerned and asks to be let in again. After a moment's hesitation, Miku eventually opens the door for him. Sensei immediately notices how dark the room is and Miku asks him if he's going to pretend that that event never occurred, and he asks her what she wants to do about it. She doesn't want to talk about it, so he decides to let it drop, and she asks him why he isn't mad with her. He lists off the things he likes about her despite initial protests over the phrasing of his compliments, and eventually says Miku shouldn't be so concerned about it, since some things are out of people's control. After a bit more explanation and Miku asking Sensei why he doesn't go talk to one of the other girls in class, he tells her briefly about his own problems, and says that everyone has their own. He suggests for Miku to just run faster the next time her problems try catching up to her, and she asks him or a hug, which he gives her. She tries to ask him to be the coach again and mentions the massage aspect, only for Sensei to attempt one. Miku stops him, saying she's not in the right mindset. The two get into an argument about whose willpower is stronger, before Miku apologizes for the event once more and offers to help Sensei if he ever needs it. She says they should go jogging sometime, and Sensei heads home to go to bed.",
        "participating_characters": [
            "Sensei",
            "Miku Maruyama"
        ],
        "trivia": []
    },
    "technical_information": {
        "event_references": {
            "event_default_name": "You and Me and the Night",
            "event_script_names": "mikudorm10",
            "event_missed_name": "This event is not missable."
        },
        "backgrounds": [
            "mikupjs"
        ],
        "music_tracks": [
            "undersea.mp3"
        ],
        "changelog": [
            "This Event was added in Update 0.4."
        ]
    },
    "navigation": {
        "previous_event": "Nightvision",
        "next_event": "Hormones Running Wild"
    }
}