{
    "event_id": "cotton_candy",
    "event_title": "Cotton Candy",
    "url": "https://www.lessonsinlove.wiki/index.php?title=Cotton_Candy",
    "event_type": "Event",
    "primary_character": "Niki Nakayama",
    "chapter": "Chapter 2",
    "interactivity": {
        "requirements": "You must have seen or permanently missed the following Events: Seen Main Events up to \" What Was \"",
        "to_get_this_event": "Call Niki in the morning",
        "to_miss_this_event": "This event is not missable.",
        "choices": [],
        "effects": [
            "+1 Niki Affection"
        ]
    },
    "progression": {
        "locations": [
            "Route 69 Diner"
        ],
        "synopsis": "Sensei calls the phone number Niki gave him, although he has to get past her manager before talking to her. He suggests meeting for breakfast. At the diner, Niki is worried about being recognised, and when Sensei suggests that this is unlikely, she bets him that the waitress will know who she is. The waitress is Kaori , who doesn't. Niki tells Sensei that although their relationship is obviously over, she would like to keep in touch with him — however, being seen with him could derail her career, so caution will be required. She also wants a real apology sometime, and still doesn't believe his \"amnesia\" story.",
        "participating_characters": [
            "Sensei",
            "Niki Nakayama",
            "Kaori Kadowaki"
        ],
        "trivia": [
            "Niki will remember the false name (\"Noodles\", \"Paul\", or \"Barack Obama\") that Sensei gives to her manager, and refers to it in future events."
        ]
    },
    "technical_information": {
        "event_references": {
            "event_default_name": "Cotton Candy",
            "event_script_names": "nikidate1",
            "event_missed_name": "This event is not missable."
        },
        "backgrounds": [
            "nikifrtsdate"
        ],
        "music_tracks": [
            "remember.mp3"
        ],
        "changelog": [
            "This Event was added in Update 0.14."
        ]
    },
    "navigation": {
        "previous_event": null,
        "next_event": "Like it's Any Other Day"
    }
}